Date,Units_Sold,Unit_Price,Month,Year,Revenue,Interpolated_Flag,Product_Code,Month_Num,Interpolated_Flag_Num,Product_Beta,Product_Delta,Product_Gamma,Price_x_Beta,Price_x_Gamma,Price_x_Delta,Sold_x_Beta,Sold_x_Gamma,Sold_x_Delta,Day,Weekday,IsWeekend,Quarter,DayOfYear,Month_x_Beta,Month_x_Gamma,Month_x_Delta,Predicted,Residual,Residual_Predicted,Final_Predicted,Final_Residual,Residual_Predicted_CV,Final_Predicted_CV,Final_Residual_CV,Residual_Predicted_CV_Optimized,Final_Predicted_CV_Optimized,Final_Residual_CV_Optimized,Product
2019-01-01,146.0,100.15162946871996,1,2019,14622.137902433116,False,0,1,0,False,False,False,0.0,0.0,0.0,0.0,0.0,0.0,1,1,0,1,1,0,0,0,14628.327,-6.189246004383676,-5.8776956,14622.449,-0.31131631688367634,8.623343467712402,14636.9501953125,-14.812292879383676,36.707298278808594,14665.0341796875,-42.896277254383676,Alpha
2019-01-01,142.0,146.32225394406112,1,2019,20777.76006005668,False,1,1,0,True,False,False,146.32225394406112,0.0,0.0,142.0,0.0,0.0,1,1,0,1,1,1,0,0,20720.3,57.45927880668023,57.176548,20777.477,0.28349755668023136,226.23562622070312,20946.537109375,-168.77704931831977,53.40570831298828,20773.70703125,4.053028806680231,Beta
2019-01-01,124.0,65.61525973661904,1,2019,8136.292207340761,False,2,1,0,False,True,False,0.0,0.0,65.61525973661904,0.0,0.0,124.0,1,1,0,1,1,0,0,1,8200.157,-63.8650192217392,-62.212612,8137.945,-1.6526168779892032,-330.01007080078125,7870.14697265625,266.1452346845108,-70.38385772705078,8129.7734375,6.518769840760797,Delta
2019-01-01,133.0,105.67628930139298,1,2019,14054.946477085266,False,3,1,0,False,False,True,0.0,105.67628930139298,0.0,0.0,133.0,0.0,1,1,0,1,1,0,1,0,14098.289,-43.34258541473355,-46.851395,14051.4375,3.5089770852664515,-212.90841674804688,13885.380859375,169.56561771026645,-38.90756607055664,14059.3818359375,-4.4353588522335485,Gamma
2019-02-01,140.0,52.70959925034835,2,2019,7379.343895048769,False,2,2,0,False,True,False,0.0,0.0,52.70959925034835,0.0,0.0,140.0,1,4,0,1,32,0,0,2,7373.342,6.0020981737689,5.507827,7378.8496,0.49428567376889987,-5.368660926818848,7367.97314453125,11.3707505175189,-45.138648986816406,7328.203125,51.1407700487689,Delta
2019-02-01,112.0,146.9302535619099,2,2019,16456.188398933908,False,1,2,0,True,False,False,146.9302535619099,0.0,0.0,112.0,0.0,0.0,1,4,0,1,32,2,0,0,16458.549,-2.3604291910924076,-2.1313052,16456.418,-0.22956981609240756,40.10816192626953,16498.65625,-42.46785106609241,-25.57615089416504,16432.97265625,23.215742683907592,Beta
2019-02-01,144.0,120.19668772577032,2,2019,17308.323032510925,False,0,2,0,False,False,False,0.0,0.0,0.0,0.0,0.0,0.0,1,4,0,1,32,0,0,0,16268.897,1039.4255715734253,1033.3969,17302.295,6.028110635925259,30.450532913208008,16299.34765625,1008.9753762609253,2.967533588409424,16271.865234375,1036.4577981359253,Alpha
2019-02-01,135.0,126.94929331919369,2,2019,17138.154598091147,False,3,2,0,False,False,True,0.0,126.94929331919369,0.0,0.0,135.0,0.0,1,4,0,1,32,0,2,0,17108.564,29.59014496614691,29.211317,17137.775,0.3792074661469087,39.71852111816406,17148.283203125,-10.128605033853091,-24.714750289916992,17083.849609375,54.30498871614691,Gamma
2019-03-01,136.0,119.57486889846172,3,2019,16262.182170190794,False,1,3,0,True,False,False,119.57486889846172,0.0,0.0,136.0,0.0,0.0,1,4,0,1,60,3,0,0,16206.901,55.28080300329384,53.98614,16260.888,1.2944748782938404,345.4984436035156,16552.400390625,-290.21822043420616,33.29566192626953,16240.197265625,21.98490456579384,Beta
2019-03-01,125.0,117.18927435987284,3,2019,14648.659294984103,False,2,3,0,False,True,False,0.0,0.0,117.18927435987284,0.0,0.0,125.0,1,4,0,1,60,0,0,3,15537.776,-889.1170722033967,-861.8368,14675.939,-27.280158140896674,2.580014705657959,15540.3564453125,-891.6971503283967,-0.4925287067890167,15537.2841796875,-888.6248847033967,Delta
2019-03-01,129.0,59.3981939840869,3,2019,7662.36702394721,False,0,3,0,False,False,False,0.0,0.0,0.0,0.0,0.0,0.0,1,4,0,1,60,0,0,0,7911.467,-249.09977292778967,-245.40775,7666.059,-3.6920580840396724,-11.425485610961914,7900.04150390625,-237.67447995903967,-3.624724864959717,7907.84228515625,-245.47526120903967,Alpha
2019-03-01,123.0,92.54364386164168,3,2019,11382.868194981927,False,3,3,0,False,False,True,0.0,92.54364386164168,0.0,0.0,123.0,0.0,1,4,0,1,60,0,3,0,11380.657,2.210968419427445,3.9071798,11384.564,-1.696258143072555,-154.78463745117188,11225.873046875,156.99514810692745,-43.60005569458008,11337.0576171875,45.810577794427445,Gamma
2019-04-01,131.0,108.43143119231,4,2019,14204.51748619261,False,1,4,0,True,False,False,108.43143119231,0.0,0.0,131.0,0.0,0.0,1,0,0,2,91,4,0,0,14193.486,11.031158067609795,14.593398,14208.08,-3.5625919323902053,46.95978927612305,14240.4462890625,-35.928802869890205,21.81085205078125,14215.296875,-10.779388807390205,Beta
2019-04-01,144.0,115.27461078518748,4,2019,16599.543953066997,False,2,4,0,False,True,False,0.0,0.0,115.27461078518748,0.0,0.0,144.0,1,0,0,2,91,0,0,4,16600.766,-1.2216719330026535,-5.6479573,16595.117,4.4267655669973465,86.1657485961914,16686.931640625,-87.38768755800265,15.19742488861084,16615.962890625,-16.418937558002654,Delta
2019-04-01,136.0,96.55980181324604,4,2019,13132.13304660146,False,0,4,0,False,False,False,0.0,0.0,0.0,0.0,0.0,0.0,1,0,0,2,91,0,0,0,13061.829,70.30394503896059,68.241486,13130.07,2.0627341014605918,-267.12567138671875,12794.703125,337.4299216014606,-2.1461105346679688,13059.6826171875,72.45042941396059,Alpha
2019-04-01,133.0,61.483682473920354,4,2019,8177.329769031407,False,3,4,0,False,False,True,0.0,61.483682473920354,0.0,0.0,133.0,0.0,1,0,0,2,91,0,4,0,9064.487,-887.1575356560934,-880.3321,8184.1553,-6.825504406093387,14.435689926147461,9078.9228515625,-901.5930825310934,-4.326295852661133,9060.1611328125,-882.8313637810934,Gamma
2019-05-01,145.0,78.09631895922303,5,2019,11323.966249087338,False,1,5,0,True,False,False,78.09631895922303,0.0,0.0,145.0,0.0,0.0,1,2,0,2,121,5,0,0,12795.867,-1471.900938412662,-1443.8815,11351.985,-28.01910247516207,-14.190093040466309,12781.6767578125,-1457.710508725162,2.9881949424743652,12798.85546875,-1474.889219662662,Beta
2019-05-01,118.0,74.3172190999454,5,2019,8769.431853793558,False,2,5,0,False,True,False,0.0,0.0,74.3172190999454,0.0,0.0,118.0,1,2,0,2,121,0,0,5,8788.059,-18.62673995644218,-19.21263,8768.846,0.5861506685578206,-186.9894561767578,8601.0693359375,168.36251785605782,-48.86720275878906,8739.19140625,30.24044754355782,Delta
2019-05-01,131.0,108.12382214226122,5,2019,14164.22070063622,False,3,5,0,False,False,True,0.0,108.12382214226122,0.0,0.0,131.0,0.0,1,2,0,2,121,0,5,0,14444.768,-280.5468774887795,-267.50604,14177.262,-13.0410181137795,-6.002316951751709,14438.765625,-274.5449243637795,-1.8921096324920654,14442.875,-278.6542993637795,Gamma
2019-05-01,129.0,109.08332605690109,5,2019,14071.74906134024,False,0,5,0,False,False,False,0.0,0.0,0.0,0.0,0.0,0.0,1,2,0,2,121,0,0,0,14596.413,-524.6640245972594,-511.29654,14085.116,-13.367149597259413,-2.9520514011383057,14593.4609375,-521.7118761597594,-1.5897352695465088,14594.8232421875,-523.0741808472594,Alpha
2019-06-01,86.0,132.26005606596584,6,2019,11374.364821673062,False,0,6,0,False,False,False,0.0,0.0,0.0,0.0,0.0,0.0,1,5,1,2,152,0,0,0,11382.455,-8.09025645193833,-8.841071,11373.614,0.7505638605616696,-508.34906005859375,10874.1064453125,500.25837636056167,-362.7359924316406,11019.71875,354.64607167306167,Alpha
2019-06-01,119.0,77.73811829811326,6,2019,9250.836077475478,False,1,6,0,True,False,False,77.73811829811326,0.0,0.0,119.0,0.0,0.0,1,5,1,2,152,6,0,0,9304.71,-53.873883462021695,-56.095013,9248.615,2.220843100478305,-100.53881072998047,9204.1708984375,46.665179037978305,-40.791099548339844,9263.9189453125,-13.082867837021695,Beta
2019-06-01,107.0,103.25894325515858,6,2019,11048.706928301968,False,3,6,0,False,False,True,0.0,103.25894325515858,0.0,0.0,107.0,0.0,1,5,1,2,152,0,6,0,11047.876,0.8309517394682189,3.906465,11051.782,-3.075298260531781,-11.712326049804688,11036.1640625,12.542865801968219,-33.642616271972656,11014.2333984375,34.47352986446822,Gamma
2019-06-01,127.0,133.02198645669915,6,2019,16893.79228000079,False,2,6,0,False,True,False,0.0,0.0,133.02198645669915,0.0,0.0,127.0,1,5,1,2,152,0,0,6,16895.484,-1.6920949992090755,-12.904588,16882.58,11.212201875790925,-215.37213134765625,16680.111328125,213.68095187579092,-38.807682037353516,16856.67578125,37.116498750790925,Delta
2019-07-01,102.0,85.33522280260527,7,2019,8704.192725865738,False,1,7,0,True,False,False,85.33522280260527,0.0,0.0,102.0,0.0,0.0,1,0,0,3,182,7,0,0,8974.563,-270.3707506967621,-264.91486,8709.648,-5.455711634262116,27.229347229003906,9001.79296875,-297.6002428842621,1.2715266942977905,8975.8349609375,-271.6422350717621,Beta
2019-07-01,89.0,63.44146769389742,7,2019,5646.290624756871,False,3,7,0,False,False,True,0.0,63.44146769389742,0.0,0.0,89.0,0.0,1,0,0,3,182,0,7,0,6173.5923,-527.3016603993792,-517.4923,5656.1,-9.809472899379216,-20.190980911254883,6153.4013671875,-507.1107424306292,-17.802841186523438,6155.78955078125,-509.4989260243792,Gamma
2019-07-01,113.5,70.4984295415821,7,2019,8001.571752969568,True,2,7,1,False,True,False,0.0,0.0,70.4984295415821,0.0,0.0,113.5,1,0,0,3,182,0,0,7,7996.568,5.003881875817569,7.26348,8003.8315,-2.2597899991824306,-149.5891571044922,7846.978515625,154.59323734456757,-58.43096923828125,7938.13671875,63.43503421956757,Delta
2019-07-01,108.0,102.22432600548044,7,2019,11040.227208591888,False,0,7,0,False,False,False,0.0,0.0,0.0,0.0,0.0,0.0,1,0,0,3,182,0,0,0,11033.761,6.466466404388484,6.9285955,11040.689,-0.4622445331115159,-66.91152954101562,10966.849609375,73.37759921688848,-33.642616271972656,11000.1181640625,40.109044529388484,Alpha
2019-08-01,101.0,75.46406547637639,8,2019,7621.870613114015,False,3,8,0,False,False,True,0.0,75.46406547637639,0.0,0.0,101.0,0.0,1,3,0,3,213,0,8,0,7592.601,29.269538895265214,24.592882,7617.194,4.676765457765214,-18.100276947021484,7574.5009765625,47.369636551515214,-52.106929779052734,7540.494140625,81.37647248901521,Gamma
2019-08-01,98.0,112.28904758190004,8,2019,11004.326663026204,True,0,8,1,False,False,False,0.0,0.0,0.0,0.0,0.0,0.0,1,3,0,3,213,0,0,0,11018.762,-14.435055723795813,-16.901176,11001.86,2.466311463704187,-69.5707778930664,10949.19140625,55.13525677620419,-33.851051330566406,10984.9111328125,19.415530213704187,Alpha
2019-08-01,109.0,147.43948076661667,8,2019,16070.903403561217,False,1,8,0,True,False,False,147.43948076661667,0.0,0.0,109.0,0.0,0.0,1,3,0,3,213,8,0,0,16056.182,14.721762936216692,13.863499,16070.045,0.8584816862166917,-2.1459145545959473,16054.0361328125,16.86727074871669,5.758364677429199,16061.9404296875,8.962973873716692,Beta
2019-08-01,100.0,51.300192351073605,8,2019,5130.01923510736,False,2,8,0,False,True,False,0.0,0.0,51.300192351073605,0.0,0.0,100.0,1,3,0,3,213,0,0,8,5132.244,-2.2249055176398542,-9.971497,5122.2725,7.746774169860146,-250.37156677246094,4881.87255859375,248.14667651361015,-58.031551361083984,5074.21240234375,55.806832763610146,Delta
2019-09-01,106.0,131.37950197069486,9,2019,13926.227208893655,False,1,9,0,True,False,False,131.37950197069486,0.0,0.0,106.0,0.0,0.0,1,6,1,3,244,9,0,0,13917.852,8.375646393655188,8.240267,13926.092,0.13541201865518815,55.63419723510742,13973.4853515625,-47.25814266884481,-15.744648933410645,13902.1064453125,24.120763581155188,Beta
2019-09-01,88.0,52.65322038738197,9,2019,4633.483394089613,False,2,9,0,False,True,False,0.0,0.0,52.65322038738197,0.0,0.0,88.0,1,6,1,3,244,0,0,9,4699.8223,-66.33887153538672,-66.36679,4633.4556,0.02782768336328445,-246.39498901367188,4453.42724609375,180.05614799586328,-144.66708374023438,4555.1552734375,78.32812065211328,Delta
2019-09-01,88.0,103.1354631568148,9,2019,9075.920757799702,False,0,9,0,False,False,False,0.0,0.0,0.0,0.0,0.0,0.0,1,6,1,3,244,0,0,0,9065.993,9.927593737202187,8.903832,9074.897,1.0232968622021872,-109.35209655761719,8956.640625,119.28013279970219,-84.17658996582031,8981.81640625,94.10435154970219,Alpha
2019-09-01,110.0,109.56387406078444,9,2019,12052.026146686288,False,3,9,0,False,False,True,0.0,109.56387406078444,0.0,0.0,110.0,0.0,1,6,1,3,244,0,9,0,12033.508,18.518334186288484,15.799787,12049.308,2.7185294987884845,-88.9808120727539,11944.52734375,107.49880293628848,-26.095867156982422,12007.412109375,44.614037311288484,Gamma
2019-10-01,108.0,122.60913337226616,10,2019,13241.786404204746,False,0,10,0,False,False,False,0.0,0.0,0.0,0.0,0.0,0.0,1,1,0,4,274,0,0,0,13223.542,18.24441201724585,21.0134,13244.556,-2.7692598577541503,-54.21329116821289,13169.3291015625,72.45730264224585,-33.642616271972656,13189.8994140625,51.88699014224585,Alpha
2019-10-01,96.0,92.1424550592498,10,2019,8845.67568568798,False,2,10,0,False,True,False,0.0,0.0,92.1424550592498,0.0,0.0,96.0,1,1,0,4,274,0,0,10,8848.136,-2.460056499519851,-0.40998656,8847.726,-2.049900249519851,-27.29499053955078,8820.8408203125,24.83486537548015,-35.47431182861328,8812.6611328125,33.01455287548015,Delta
2019-10-01,106.0,84.88682665429954,10,2019,8998.003625355752,False,3,10,0,False,False,True,0.0,84.88682665429954,0.0,0.0,106.0,0.0,1,1,0,4,274,0,10,0,9111.855,-113.85184339424814,-112.61588,8999.239,-1.2356324567481352,-37.01728439331055,9074.837890625,-76.83426526924814,-1.974009394645691,9109.8818359375,-111.87821058174814,Gamma
2019-10-01,113.0,141.09271844938425,10,2019,15943.47718478042,False,1,10,0,True,False,False,141.09271844938425,0.0,0.0,113.0,0.0,0.0,1,1,0,4,274,10,0,0,15946.567,-3.09019803207957,-2.8044322,15943.763,-0.2855105320795701,8.043684005737305,15954.611328125,-11.13414334457957,-23.45351219177246,15923.1142578125,20.36292696792043,Beta
2019-11-01,104.0,84.1817351697876,11,2019,8754.90045765791,True,2,11,1,False,True,False,0.0,0.0,84.1817351697876,0.0,0.0,104.0,1,4,0,4,305,0,0,11,8721.71,33.19049672041001,31.592537,8753.303,1.5977232829100103,-68.20793151855469,8653.501953125,101.39850453291001,-48.86720275878906,8672.8427734375,82.05768422041001,Delta
2019-11-01,107.0,77.08322512620742,11,2019,8247.905088504194,False,0,11,0,False,False,False,0.0,0.0,0.0,0.0,0.0,0.0,1,4,0,4,305,0,0,0,8253.959,-6.053895870805718,-5.554864,8248.404,-0.499208370805718,-22.32789421081543,8231.630859375,16.274229129194282,-58.43096923828125,8195.5283203125,52.37676819169428,Alpha
2019-11-01,132.0,146.50269106665127,11,2019,19338.355220797966,False,3,11,0,False,False,True,0.0,146.50269106665127,0.0,0.0,132.0,0.0,1,4,0,4,305,0,11,0,19339.387,-1.0314979520335328,-0.3296348,19339.057,-0.7014198270335328,125.50482940673828,19464.890625,-126.53540420203353,-44.75783157348633,19294.62890625,43.72631454796647,Gamma
2019-11-01,120.0,91.82430362906187,11,2019,11018.916435487425,False,1,11,0,True,False,False,91.82430362906187,0.0,0.0,120.0,0.0,0.0,1,4,0,4,305,11,0,0,11035.958,-17.04157232507532,-15.452417,11020.506,-1.5894238875753217,87.14395904541016,11123.1015625,-104.18512701257532,-23.45351219177246,11012.5048828125,6.411552674924678,Beta
2019-12-01,118.0,52.53507434154575,12,2019,6199.138772302399,False,0,12,0,False,False,False,0.0,0.0,0.0,0.0,0.0,0.0,1,6,1,4,335,0,0,0,6204.27,-5.1312472288509525,-7.352067,6196.918,2.2208035523990475,38.46452713012695,6242.734375,-43.59560269760095,-48.86720275878906,6155.40283203125,43.73594027114905,Alpha
2019-12-01,105.0,143.83404568210378,12,2019,15102.574796620896,False,3,12,0,False,False,True,0.0,143.83404568210378,0.0,0.0,105.0,0.0,1,6,1,4,335,0,12,0,14703.716,398.85897630839645,388.1583,15091.874,10.70077318339645,-0.40034085512161255,14703.3154296875,399.25936693339645,-0.7386544942855835,14702.9775390625,399.59725755839645,Gamma
2019-12-01,141.0,54.52186701061894,12,2019,7687.583248497271,False,1,12,0,True,False,False,54.52186701061894,0.0,0.0,141.0,0.0,0.0,1,6,1,4,335,12,0,0,7694.3633,-6.780032752729312,-7.1955495,7687.168,0.41527974727068795,-202.5801544189453,7491.783203125,195.8000453722707,-6.684834003448486,7687.67822265625,-0.09497415897931205,Beta
2019-12-01,112.0,109.02949425148076,12,2019,12211.303356165845,False,2,12,0,False,True,False,0.0,0.0,109.02949425148076,0.0,0.0,112.0,1,6,1,4,335,0,0,12,12228.301,-16.99742508415511,-11.793511,12216.507,-5.203479771655111,61.214603424072266,12289.515625,-78.21226883415511,-38.807682037353516,12189.4931640625,21.81019210334489,Delta
2020-01-01,119.0,90.94116521912404,1,2020,10821.99866107576,False,2,1,0,False,True,False,0.0,0.0,90.94116521912404,0.0,0.0,119.0,1,2,0,1,1,0,0,1,10805.863,16.135379825760538,15.2879505,10821.151,0.8472938882605376,-51.511199951171875,10754.3525390625,67.64612201326054,-23.499332427978516,10782.3642578125,39.63440326326054,Delta
2020-01-01,114.0,88.08908566310215,1,2020,10042.155765593645,False,1,1,0,True,False,False,88.08908566310215,0.0,0.0,114.0,0.0,0.0,1,2,0,1,1,1,0,0,10068.527,-26.3715781563551,-25.789639,10042.737,-0.581539093855099,-176.38255310058594,9892.14453125,150.0112343436449,-146.39414978027344,9922.1328125,120.0229530936449,Beta
2020-01-01,116.0,124.11206492900592,1,2020,14396.999531764688,False,3,1,0,False,False,True,0.0,124.11206492900592,0.0,0.0,116.0,0.0,1,2,0,1,1,0,1,0,14398.372,-1.3725385478119279,-6.6720223,14391.7,5.299336452188072,-195.7583465576172,14202.61328125,194.38625051468807,-23.499332427978516,14374.873046875,22.126484889688072,Gamma
2020-01-01,134.0,67.32943200708458,1,2020,9022.143888949333,False,0,1,0,False,False,False,0.0,0.0,0.0,0.0,0.0,0.0,1,2,0,1,1,0,0,0,9032.382,-10.237946988167096,-10.258213,9022.124,0.019865511832904303,3.1799919605255127,9035.5615234375,-13.417634488167096,-33.532257080078125,8998.849609375,23.294279574332904,Alpha
2020-02-01,135.0,79.44657595419177,2,2020,10725.28775381589,False,2,2,0,False,True,False,0.0,0.0,79.44657595419177,0.0,0.0,135.0,1,5,1,1,32,0,0,2,10708.927,16.360996003390028,16.288847,10725.216,0.07193350339002791,64.1868667602539,10773.11328125,-47.82552743410997,-42.72319030761719,10666.203125,59.08462881589003,Delta
2020-02-01,135.0,63.97723766262895,2,2020,8636.927084454908,False,3,2,0,False,False,True,0.0,63.97723766262895,0.0,0.0,135.0,0.0,1,5,1,1,32,0,2,0,8665.894,-28.966470232591746,-30.955517,8634.938,1.988607892408254,-77.01931762695312,8588.8740234375,48.053061017408254,-62.01664352416992,8603.876953125,33.050131329908254,Gamma
2020-02-01,146.0,91.48195023376653,2,2020,13356.364734129913,False,1,2,0,True,False,False,91.48195023376653,0.0,0.0,146.0,0.0,0.0,1,5,1,1,32,2,0,0,13327.008,29.356921629912904,30.803413,13357.812,-1.4467893075870961,141.38018798828125,13468.3876953125,-112.0229611825871,-3.6806087493896484,13323.3271484375,33.037585692412904,Beta
2020-02-01,120.0,104.92266647061206,2,2020,12590.719976473449,False,0,2,0,False,False,False,0.0,0.0,0.0,0.0,0.0,0.0,1,5,1,1,32,0,0,0,12295.614,295.1057186609487,293.43085,12589.045,1.6750545984486962,7.450972080230713,12303.0654296875,287.6545467859487,-0.3576325476169586,12295.2568359375,295.4631405359487,Alpha
2020-03-01,127.0,136.47223762550533,3,2020,17331.974178439177,False,1,3,0,True,False,False,136.47223762550533,0.0,0.0,127.0,0.0,0.0,1,6,1,1,61,3,0,0,17330.164,1.8101159391771944,1.1644292,17331.328,0.6460534391771944,-2.292567014694214,17327.87109375,4.103084689177194,-4.727370738983154,17325.4375,6.536678439177194,Beta
2020-03-01,146.0,66.36559428657046,3,2020,9689.376765839286,False,3,3,0,False,False,True,0.0,66.36559428657046,0.0,0.0,146.0,0.0,1,6,1,1,61,0,3,0,9703.069,-13.692570098213764,2.4539392,9705.523,-16.146671660713764,81.61852264404297,9784.6875,-95.31073416071376,11.545450210571289,9714.615234375,-25.238468535713764,Gamma
2020-03-01,135.0,129.98552559473154,3,2020,17548.04595528876,False,2,3,0,False,True,False,0.0,0.0,129.98552559473154,0.0,0.0,135.0,1,6,1,1,61,0,0,3,17568.236,-20.190372836241295,-20.366194,17547.871,0.17486153875870514,-84.736572265625,17483.5,64.5459552887587,-3.8649661540985107,17564.37109375,-16.325138461241295,Delta
2020-03-01,142.0,77.99338969459428,3,2020,11075.061336632389,False,0,3,0,False,False,False,0.0,0.0,0.0,0.0,0.0,0.0,1,6,1,1,61,0,0,0,11078.005,-2.943546180111298,-2.1489916,11075.855,-0.7941321176112979,60.578033447265625,11138.5830078125,-63.5216711801113,-6.750279426574707,11071.2548828125,3.806453819888702,Alpha
2020-04-01,147.0,95.05441353100936,4,2020,13972.998789058376,False,1,4,0,True,False,False,95.05441353100936,0.0,0.0,147.0,0.0,0.0,1,2,0,2,92,4,0,0,13974.138,-1.1389062541238673,-4.357288,13969.78,3.2185156208761327,-287.42572021484375,13686.7119140625,286.28687499587613,13.959274291992188,13988.0966796875,-15.097890629123867,Beta
2020-04-01,137.0,116.51972206962002,4,2020,15963.201923537945,True,3,4,1,False,False,True,0.0,116.51972206962002,0.0,0.0,137.0,0.0,1,2,0,2,92,0,4,0,15986.759,-23.556865524555178,-15.33301,15971.426,-8.223857712055178,214.45684814453125,16201.2158203125,-238.01389677455518,9.307734489440918,15996.06640625,-32.86448271205518,Gamma
2020-04-01,130.0,76.8677359384946,4,2020,9992.8056720043,False,2,4,0,False,True,False,0.0,0.0,76.8677359384946,0.0,0.0,130.0,1,2,0,2,92,0,0,4,9987.71,5.095711066800504,-0.74588776,9986.964,5.841804816800504,-77.60370635986328,9910.1064453125,82.6992266918005,-51.23088455200195,9936.4794921875,56.326179816800504,Delta
2020-04-01,160.0,105.43540525114008,4,2020,16869.664840182413,False,0,4,0,False,False,False,0.0,0.0,0.0,0.0,0.0,0.0,1,2,0,2,92,0,0,0,16775.943,93.72148080741317,93.49927,16869.443,0.22148080741317244,1362.8814697265625,18138.82421875,-1269.1593785675868,1512.423583984375,18288.3671875,-1418.7023473175868,Alpha
2020-05-01,131.0,74.77309895011575,5,2020,9795.275962465164,False,0,5,0,False,False,False,0.0,0.0,0.0,0.0,0.0,0.0,1,4,0,2,122,0,0,0,9785.042,10.233970277664412,10.865704,9795.907,-0.6312640973355883,92.65546417236328,9877.697265625,-82.42130315983559,-30.524553298950195,9754.517578125,40.75838434016441,Alpha
2020-05-01,129.0,75.78876854332023,5,2020,9776.75114208831,False,2,5,0,False,True,False,0.0,0.0,75.78876854332023,0.0,0.0,129.0,1,4,0,2,122,0,0,5,9804.189,-27.43831103669072,-24.574152,9779.615,-2.8640922866907204,91.08456420898438,9895.2744140625,-118.52327197419072,-31.158044815063477,9773.03125,3.7198920883092796,Delta
2020-05-01,131.0,117.17006844058568,5,2020,15349.278965716723,False,1,5,0,True,False,False,117.17006844058568,0.0,0.0,131.0,0.0,0.0,1,4,0,2,122,5,0,0,14201.131,1148.1481063417232,1128.4165,15329.547,19.732090716723178,5.813173770904541,14206.9443359375,1142.3346297792232,0.1741369068622589,14201.3046875,1147.9742782167232,Beta
2020-05-01,128.0,137.72005408131082,5,2020,17628.166922407785,False,3,5,0,False,False,True,0.0,137.72005408131082,0.0,0.0,128.0,0.0,1,4,0,2,122,0,5,0,17648.197,-20.030343217214977,-20.9566,17627.24,0.9266880327850231,24.799531936645508,17672.99609375,-44.82917134221498,-71.2706298828125,17576.92578125,51.24114115778502,Gamma
2020-06-01,114.5,51.43934886297559,6,2020,5889.805444810705,True,0,6,1,False,False,False,0.0,0.0,0.0,0.0,0.0,0.0,1,0,0,2,153,0,0,0,5901.2437,-11.438207533044988,-12.0312,5889.2124,0.5930424669550121,-132.52955627441406,5768.7138671875,121.09157762320501,-37.08266067504883,5864.1611328125,25.644311998205012,Alpha
2020-06-01,116.0,93.91349085702184,6,2020,10893.964939414534,False,3,6,0,False,False,True,0.0,93.91349085702184,0.0,0.0,116.0,0.0,1,0,0,2,153,0,6,0,10628.114,265.85068160203446,245.27924,10873.394,20.571384727034456,12.757271766662598,10640.87109375,253.09384566453446,0.0965208113193512,10628.2109375,265.75400191453446,Gamma
2020-06-01,106.0,148.44021807035523,6,2020,15734.663115457652,False,2,6,0,False,True,False,0.0,0.0,148.44021807035523,0.0,0.0,106.0,1,0,0,2,153,0,0,6,15734.106,0.5566701451516565,1.1028558,15735.209,-0.5458689173483435,0.1449396163225174,15734.2509765625,0.41213889515165647,-19.19548988342285,15714.9111328125,19.751982645151656,Delta
2020-06-01,124.0,61.355759219962906,6,2020,7608.1141432754,False,1,6,0,True,False,False,61.355759219962906,0.0,0.0,124.0,0.0,0.0,1,0,0,2,153,6,0,0,7570.3267,37.78748311915024,37.864044,7608.191,-0.07677469334976195,18.582000732421875,7588.90869140625,19.205451869150238,-31.437746047973633,7538.888671875,69.22547140040024,Beta
2020-07-01,109.0,80.13778741641421,7,2020,8735.01882838915,False,3,7,0,False,False,True,0.0,80.13778741641421,0.0,0.0,109.0,0.0,1,2,0,3,183,0,7,0,8728.732,6.286406514149348,2.5674176,8731.3,3.7190237016493484,-0.24466121196746826,8728.4873046875,6.531523701649348,-30.524553298950195,8698.2080078125,36.81082057664935,Gamma
2020-07-01,118.0,127.23183917356393,7,2020,15013.357022480544,False,1,7,0,True,False,False,127.23183917356393,0.0,0.0,118.0,0.0,0.0,1,2,0,3,183,7,0,0,15060.787,-47.4300868944556,-44.127197,15016.66,-3.3031337694555987,70.12443542480469,15130.9111328125,-117.5541103319556,-12.927595138549805,15047.859375,-34.5023525194556,Beta
2020-07-01,113.0,77.2307326519369,7,2020,8727.07278966887,False,2,7,0,False,True,False,0.0,0.0,77.2307326519369,0.0,0.0,113.0,1,2,0,3,183,0,0,7,8687.588,39.48489904386952,38.18234,8725.7705,1.3022818563695182,-0.17436690628528595,8687.4130859375,39.65970373136952,-31.437746047973633,8656.150390625,70.92239904386952,Delta
2020-07-01,98.0,54.07288023189702,7,2020,5299.142262725908,False,0,7,0,False,False,False,0.0,0.0,0.0,0.0,0.0,0.0,1,2,0,3,183,0,0,0,5329.1416,-29.99933883659196,-29.516623,5299.625,-0.48273727409196,-37.85002517700195,5291.29150390625,7.85075881965804,-44.83785629272461,5284.3037109375,14.83855178840804,Alpha
2020-08-01,93.0,77.4055220687206,8,2020,7198.713552391016,False,2,8,0,False,True,False,0.0,0.0,77.4055220687206,0.0,0.0,93.0,1,5,1,3,214,0,0,8,7214.7695,-16.055978858984417,-15.524057,7199.2456,-0.5320530777344175,-194.93475341796875,7019.8349609375,178.87859145351558,-48.517337799072266,7166.251953125,32.46159926601558,Delta
2020-08-01,120.0,97.41738290873252,8,2020,11690.085949047902,False,0,8,0,False,False,False,0.0,0.0,0.0,0.0,0.0,0.0,1,5,1,3,214,0,0,0,11694.348,-4.261707202098478,-2.3240547,11692.023,-1.9374884520984779,119.77200317382812,11814.1201171875,-124.03416813959848,-10.2844877243042,11684.0634765625,6.022472485401522,Alpha
2020-08-01,108.0,105.19068387744856,8,2020,11360.593858764443,False,1,8,0,True,False,False,105.19068387744856,0.0,0.0,108.0,0.0,0.0,1,5,1,3,214,8,0,0,11365.057,-4.462781860556788,-1.5741016,11363.482,-2.888563110556788,79.48761749267578,11444.5439453125,-83.95008654805679,-10.2844877243042,11354.7724609375,5.821397826943212,Beta
2020-08-01,115.0,73.22126951468172,8,2020,8420.445994188398,False,3,8,0,False,False,True,0.0,73.22126951468172,0.0,0.0,115.0,0.0,1,5,1,3,214,0,8,0,8411.47,8.97626762589789,15.500764,8426.971,-6.52470893660211,-4.48359489440918,8406.986328125,13.45966606339789,0.0965208113193512,8411.56640625,8.87958793839789,Gamma
2020-09-01,89.0,97.34717707805656,9,2020,8663.898759947035,False,0,9,0,False,False,False,0.0,0.0,0.0,0.0,0.0,0.0,1,1,0,3,245,0,0,0,8682.991,-19.092450990465295,-20.69417,8662.297,1.601884947034705,-108.765625,8574.2255859375,89.6731740095347,-65.83393096923828,8617.1572265625,46.741533384534705,Alpha
2020-09-01,120.0,104.35528611139888,9,2020,12522.634333367863,False,3,9,0,False,False,True,0.0,104.35528611139888,0.0,0.0,120.0,0.0,1,1,0,3,245,0,9,0,12517.83,4.804255242863292,8.327182,12526.157,-3.5228931946367084,84.54794311523438,12602.3779296875,-79.74359631963671,-5.110856056213379,12512.71875,9.915583367863292,Gamma
2020-09-01,107.0,90.34828662123972,9,2020,9667.26666847265,False,1,9,0,True,False,False,90.34828662123972,0.0,0.0,107.0,0.0,0.0,1,1,0,3,245,9,0,0,9621.162,46.10455909765005,42.0242,9663.187,4.0801450351500534,-35.057334899902344,9586.1044921875,81.16217628515005,-12.902164459228516,9608.259765625,59.00690284765005,Beta
2020-09-01,107.0,132.97418037072015,9,2020,14228.237299667057,False,2,9,0,False,True,False,0.0,0.0,132.97418037072015,0.0,0.0,107.0,1,1,0,3,245,0,0,9,14233.27,-5.032231582943496,-2.9842656,14230.285,-2.0478565829434956,-19.931337356567383,14213.337890625,14.899409042056504,-20.465028762817383,14212.8046875,15.432612167056504,Delta
2020-10-01,123.0,61.68980407083641,10,2020,7587.845900712879,False,3,10,0,False,False,True,0.0,61.68980407083641,0.0,0.0,123.0,0.0,1,3,0,4,275,0,10,0,7574.892,12.953810869128574,10.757816,7585.65,2.1959983691285743,-354.84521484375,7220.046875,367.7990257128786,-56.994972229003906,7517.89697265625,69.94892805662857,Gamma
2020-10-01,97.0,63.68856300688073,10,2020,6177.79061166743,False,2,10,0,False,True,False,0.0,0.0,63.68856300688073,0.0,0.0,97.0,1,3,0,4,275,0,0,10,6169.803,7.987389011180312,8.210858,6178.014,-0.22354848881968792,-47.010013580322266,6122.79296875,54.99764291743031,-36.6934814453125,6133.10986328125,44.68074838618031,Delta
2020-10-01,96.0,89.85047343973734,10,2020,8625.645450214784,False,0,10,0,False,False,False,0.0,0.0,0.0,0.0,0.0,0.0,1,3,0,4,275,0,0,0,8759.381,-133.73540916021557,-126.668045,8632.713,-7.067440410215568,1.8012464046478271,8761.181640625,-135.53619041021557,1.1626427173614502,8760.5439453125,-134.89849509771557,Alpha
2020-10-01,94.0,125.5137255673619,10,2020,11798.29020333202,False,1,10,0,True,False,False,125.5137255673619,0.0,0.0,94.0,0.0,0.0,1,3,0,4,275,10,0,0,11804.603,-6.31233573047939,-6.4802904,11798.122,0.1681330195206101,-167.1336212158203,11637.46875,160.8214533320206,-25.547746658325195,11779.0546875,19.23551583202061,Beta
2020-11-01,116.0,71.29641615089108,11,2020,8270.384273503365,False,1,11,0,True,False,False,71.29641615089108,0.0,0.0,116.0,0.0,0.0,1,6,1,4,306,11,0,0,8264.995,5.389156315864966,3.1538498,8268.149,2.234859440864966,-121.30083465576172,8143.6943359375,126.68993756586497,-31.437746047973633,8233.5576171875,36.826656315864966,Beta
2020-11-01,134.0,83.49056146570861,11,2020,11187.735236404951,False,3,11,0,False,False,True,0.0,83.49056146570861,0.0,0.0,134.0,0.0,1,6,1,4,306,0,11,0,11187.392,0.34363484245113796,-1.1372801,11186.254,1.481330154951138,-38.74543762207031,11148.646484375,39.08875202995114,-62.01664352416992,11125.375,62.36023640495114,Gamma
2020-11-01,115.0,116.50366745462554,11,2020,13397.921757281938,False,2,11,0,False,True,False,0.0,0.0,116.50366745462554,0.0,0.0,115.0,1,6,1,4,306,0,0,11,13386.462,11.459843219437971,10.112779,13396.574,1.3475385319379711,110.32953643798828,13496.791015625,-98.86925834306203,-19.19548988342285,13367.2666015625,30.65515571943797,Delta
2020-11-01,116.0,54.53040097720445,11,2020,6325.526513355716,False,0,11,0,False,False,False,0.0,0.0,0.0,0.0,0.0,0.0,1,6,1,4,306,0,0,0,6351.6084,-26.081885081784094,-24.350859,6327.2573,-1.730810863034094,38.42213439941406,6390.03076171875,-64.5042483630341,-30.524553298950195,6321.083984375,4.442528980715906,Alpha
2020-12-01,116.0,100.31362585800878,12,2020,11636.38059952902,False,0,12,0,False,False,False,0.0,0.0,0.0,0.0,0.0,0.0,1,1,0,4,336,0,0,0,11601.388,34.9929042165204,34.066345,11635.454,0.926497966520401,154.05548095703125,11755.443359375,-119.0627598459796,-12.213884353637695,11589.173828125,47.2067714040204,Alpha
2020-12-01,117.0,101.89177052828376,12,2020,11921.3371518092,False,2,12,0,False,True,False,0.0,0.0,101.89177052828376,0.0,0.0,117.0,1,1,0,4,336,0,0,12,11626.199,295.1379330592008,289.60632,11915.806,5.531487746700805,15.863855361938477,11642.0634765625,279.2736752467008,0.18242928385734558,11626.3818359375,294.9553158717008,Delta
2020-12-01,106.0,112.00727559285136,12,2020,11872.771212842244,False,3,12,0,False,False,True,0.0,112.00727559285136,0.0,0.0,106.0,0.0,1,1,0,4,336,0,12,0,11886.648,-13.877224657755505,-15.047472,11871.601,1.1706269047444948,20.099864959716797,11906.748046875,-33.976834032755505,-5.110856056213379,11881.537109375,-8.765896532755505,Gamma
2020-12-01,106.0,85.0587558806597,12,2020,9016.228123349929,False,1,12,0,True,False,False,85.0587558806597,0.0,0.0,106.0,0.0,0.0,1,1,0,4,336,12,0,0,9022.073,-5.845118837571135,-10.019162,9012.054,4.174412412428865,-56.4237174987793,8965.6494140625,50.578709287428865,-31.158044815063477,8990.9150390625,25.313084287428865,Beta
2021-01-01,129.0,128.8597211224531,1,2021,16622.904024796448,False,3,1,0,False,False,True,0.0,128.8597211224531,0.0,0.0,129.0,0.0,1,4,0,1,1,0,1,0,16850.26,-227.35574082855237,-223.49893,16626.762,-3.8576939535523707,22.27781105041504,16872.537109375,-249.63308457855237,6.054814338684082,16856.314453125,-233.41042832855237,Gamma
2021-01-01,130.0,93.74749220237292,1,2021,12187.17398630848,False,1,1,0,True,False,False,93.74749220237292,0.0,0.0,130.0,0.0,0.0,1,4,0,1,1,1,0,0,12187.603,-0.4285527540196199,-0.32795566,12187.274,-0.1004277540196199,48.57351303100586,12236.17578125,-49.00179494151962,-4.701940059661865,12182.900390625,4.27359568348038,Beta
2021-01-01,141.0,66.29344270814298,1,2021,9347.37542184816,False,0,1,0,False,False,False,0.0,0.0,0.0,0.0,0.0,0.0,1,4,0,1,1,0,0,0,9320.525,26.85003122316084,25.511648,9346.037,1.3383124731608405,8.695404052734375,9329.220703125,18.15471872316084,-20.15989875793457,9300.365234375,47.01018747316084,Alpha
2021-01-01,101.0,123.80336164263704,1,2021,12504.13952590634,False,2,1,0,False,True,False,0.0,0.0,123.80336164263704,0.0,0.0,101.0,1,4,0,1,1,0,0,1,12519.654,-15.514770968660741,-15.634183,12504.0205,0.11901809383925865,-103.17633056640625,12416.4775390625,87.66198684383926,-25.004436492919922,12494.6494140625,9.490111843839259,Delta
2021-02-01,112.0,52.65113105416218,2,2021,5896.926678066164,False,0,2,0,False,False,False,0.0,0.0,0.0,0.0,0.0,0.0,1,0,0,1,32,0,0,0,5887.835,9.091717128663731,8.137874,5895.9727,0.9540218161637313,-16.76439666748047,5871.07080078125,25.85587728491373,-48.646366119384766,5839.1884765625,57.73820150366373,Alpha
2021-02-01,119.0,74.84891398144657,2,2021,8907.020763792141,False,3,2,0,False,False,True,0.0,74.84891398144657,0.0,0.0,119.0,0.0,1,0,0,1,32,0,2,0,8889.738,17.282482542141224,19.816631,8909.555,-2.5339237078587757,-3.1358590126037598,8886.6025390625,20.418224729641224,-33.532257080078125,8856.2060546875,50.814709104641224,Gamma
2021-02-01,151.0,101.39894891598108,2,2021,15311.241286313145,False,1,2,0,True,False,False,101.39894891598108,0.0,0.0,151.0,0.0,0.0,1,0,0,1,32,2,0,0,15309.136,2.105544125644883,5.1369624,15314.272,-3.031174624355117,615.5591430664062,15924.6953125,-613.4540261868551,716.2268676757812,16025.3623046875,-714.1210183743551,Beta
2021-02-01,113.0,74.5349109681321,2,2021,8422.444939398927,False,2,2,0,False,True,False,0.0,0.0,74.5349109681321,0.0,0.0,113.0,1,0,0,1,32,0,0,2,8415.842,6.60314252392709,2.6971447,8418.539,3.9058768989270902,-5.461918830871582,8410.3798828125,12.06505658642709,-42.72319030761719,8373.1181640625,49.32677533642709,Delta
2021-03-01,131.0,85.56727164649492,3,2021,11209.312585690834,False,2,3,0,False,True,False,0.0,0.0,85.56727164649492,0.0,0.0,131.0,1,0,0,1,60,0,0,3,11286.552,-77.23917212166634,-75.083626,11211.468,-2.1551877466663427,8.062297821044922,11294.6142578125,-85.30167212166634,-0.5740980505943298,11285.9775390625,-76.66495337166634,Delta
2021-03-01,145.0,112.20867002278736,3,2021,16270.257153304166,False,1,3,0,True,False,False,112.20867002278736,0.0,0.0,145.0,0.0,0.0,1,0,0,1,60,3,0,0,16254.964,15.293286116666422,2.7245717,16257.688,12.568676741666422,-791.4273681640625,15463.5361328125,806.7210204916664,-556.1734008789062,15698.7900390625,571.4671142416664,Beta
2021-03-01,144.0,106.98896848713164,3,2021,15406.411462146956,False,3,3,0,False,False,True,0.0,106.98896848713164,0.0,0.0,144.0,0.0,1,0,0,1,60,0,3,0,15399.358,7.0530637094561826,10.8942175,15410.253,-3.8414675405438174,209.197265625,15608.5556640625,-202.14420191554382,66.13419342041016,15465.4921875,-59.08072535304382,Gamma
2021-03-01,138.0,107.5474177875879,3,2021,14841.543654687131,False,0,3,0,False,False,False,0.0,0.0,0.0,0.0,0.0,0.0,1,0,0,1,60,0,0,0,14956.876,-115.3323218753685,-112.159805,14844.716,-3.172165625368507,39.94654846191406,14996.822265625,-155.2786109378685,7.20724630355835,14964.0830078125,-122.5393531253685,Alpha
2021-04-01,142.0,84.20817487159076,4,2021,11957.560831765888,False,3,4,0,False,False,True,0.0,84.20817487159076,0.0,0.0,142.0,0.0,1,3,0,2,91,0,4,0,11928.798,28.762980203387997,20.89559,11949.693,7.867472390887997,-33.20989227294922,11895.587890625,61.972941140888,-42.045326232910156,11886.7529296875,70.807902078388,Gamma
2021-04-01,129.0,95.82528904915166,4,2021,12361.462287340564,False,0,4,0,False,False,False,0.0,0.0,0.0,0.0,0.0,0.0,1,3,0,2,91,0,0,0,12166.569,194.89295140306422,188.46957,12355.039,6.423224840564217,-10.112421035766602,12156.45703125,205.00525609056422,-0.7568304538726807,12165.8125,195.64978734056422,Alpha
2021-04-01,133.0,95.91357562382612,4,2021,12756.505557968874,False,1,4,0,True,False,False,95.91357562382612,0.0,0.0,133.0,0.0,0.0,1,3,0,2,91,4,0,0,12813.421,-56.9153404686258,-56.028214,12757.393,-0.8870201561258,120.5036849975586,12933.9248046875,-177.4192467186258,51.63831329345703,12865.0595703125,-108.5540123436258,Beta
2021-04-01,141.0,106.64046402968972,4,2021,15036.305428186251,False,2,4,0,False,True,False,0.0,0.0,106.64046402968972,0.0,0.0,141.0,1,3,0,2,91,0,0,4,15069.1,-32.79418118874855,-28.837307,15040.263,-3.957267126248553,-2.875072956085205,15066.224609375,-29.919181188748553,56.23200607299805,15125.33203125,-89.02660306374855,Delta
2021-05-01,129.0,88.61026378007742,5,2021,11430.724027629987,False,0,5,0,False,False,False,0.0,0.0,0.0,0.0,0.0,0.0,1,5,1,2,121,0,0,0,11235.48,195.24355887998718,193.23567,11428.716,2.0082073174871766,-19.65088653564453,11215.8291015625,214.89492606748718,-0.7568304538726807,11234.7236328125,196.00039481748718,Alpha
2021-05-01,127.0,143.68297393247582,5,2021,18247.73768942443,False,2,5,0,False,True,False,0.0,0.0,143.68297393247582,0.0,0.0,127.0,1,5,1,2,121,0,0,5,18431.344,-183.60606057557015,-178.45523,18252.889,-5.1509824505701545,-6.767467021942139,18424.576171875,-176.83848245057015,0.9080194234848022,18432.251953125,-184.51426370057015,Delta
2021-05-01,122.0,74.0145618778193,5,2021,9029.776549093956,False,1,5,0,True,False,False,74.0145618778193,0.0,0.0,122.0,0.0,0.0,1,5,1,2,121,5,0,0,9391.772,-361.9959118435436,-354.75403,9037.019,-7.242005593543581,-11.468709945678711,9380.3037109375,-350.5271618435436,-1.9167803525924683,9389.85546875,-360.0789196560436,Beta
2021-05-01,139.0,134.6452291734518,5,2021,18715.6868551098,False,3,5,0,False,False,True,0.0,134.6452291734518,0.0,0.0,139.0,0.0,1,5,1,2,121,0,5,0,18698.719,16.9681051098014,18.643265,18717.361,-1.6744730151986005,14.177950859069824,18712.896484375,2.7903707348013995,15.917049407958984,18714.63671875,1.0501363598013995,Gamma
2021-06-01,100.0,62.80458389577724,6,2021,6280.458389577724,False,1,6,0,True,False,False,62.80458389577724,0.0,0.0,100.0,0.0,0.0,1,1,0,2,152,6,0,0,6280.1465,0.3119052027241196,1.840381,6281.987,-1.5284268285258804,-87.57748413085938,6192.56884765625,87.88954192147412,-39.91556930541992,6240.23095703125,40.22743254647412,Beta
2021-06-01,105.0,129.72953657795534,6,2021,13621.60134068531,False,3,6,0,False,False,True,0.0,129.72953657795534,0.0,0.0,105.0,0.0,1,1,0,2,152,0,6,0,13615.12,6.481223497810788,7.30592,13622.426,-0.8244405646892119,-146.872802734375,13468.2470703125,153.3542703728108,-12.902164459228516,13602.2177734375,19.383567247810788,Gamma
2021-06-01,128.0,53.11831350612847,6,2021,6799.144128784445,False,2,6,0,False,True,False,0.0,0.0,53.11831350612847,0.0,0.0,128.0,1,1,0,2,152,0,0,6,6800.3564,-1.212316528055453,-2.821402,6797.535,1.608972534444547,-72.75645446777344,6727.60009765625,71.54403112819455,-36.6934814453125,6763.6630859375,35.48104284694455,Delta
2021-06-01,109.0,60.07780013774266,6,2021,6548.48021501395,False,0,6,0,False,False,False,0.0,0.0,0.0,0.0,0.0,0.0,1,1,0,2,152,0,0,0,6560.841,-12.360605298549672,-11.772511,6549.0684,-0.5881443610496717,-12.094585418701172,6548.74609375,-0.2658787360496717,-36.6934814453125,6524.1474609375,24.33275407645033,Alpha
2021-07-01,100.0,122.22525683930662,7,2021,12222.525683930662,False,3,7,0,False,False,True,0.0,122.22525683930662,0.0,0.0,100.0,0.0,1,3,0,3,182,0,7,0,12240.377,-17.851269194337874,-22.147026,12218.2295,4.296191743162126,-218.07778930664062,12022.298828125,200.22685580566213,-20.657363891601562,12219.7197265625,2.805957368162126,Gamma
2021-07-01,100.0,114.08747448032146,7,2021,11408.747448032143,False,1,7,0,True,False,False,114.08747448032146,0.0,0.0,100.0,0.0,0.0,1,3,0,3,182,7,0,0,11386.153,22.59412771964344,21.0696,11407.223,1.5247917821434385,22.021333694458008,11408.1748046875,0.5726433446434385,-20.691707611083984,11365.4619140625,43.28553396964344,Beta
2021-07-01,118.0,81.89756302937613,7,2021,9663.912437466382,False,0,7,0,False,False,False,0.0,0.0,0.0,0.0,0.0,0.0,1,3,0,3,182,0,0,0,9654.855,9.056968716382471,10.787946,9665.644,-1.731117221117529,45.885536193847656,9700.7412109375,-36.82877347111753,-35.07284927368164,9619.7822265625,44.13021090388247,Alpha
2021-07-01,105.0,55.14258134842503,7,2021,5789.971041584628,False,2,7,0,False,True,False,0.0,0.0,55.14258134842503,0.0,0.0,105.0,1,3,0,3,182,0,0,7,5807.088,-17.116849040371562,-21.29533,5785.7925,4.178561115878438,-35.54096603393555,5771.546875,18.424166584628438,-30.524553298950195,5776.5634765625,13.407565022128438,Delta
2021-08-01,114.0,119.39484444671,8,2021,13611.01226692494,False,3,8,0,False,False,True,0.0,119.39484444671,0.0,0.0,114.0,0.0,1,6,1,3,213,0,8,0,13604.269,6.743712237439468,5.2718916,13609.54,1.4722278624394676,-188.7360076904297,13415.5322265625,195.48004036243947,-12.902164459228516,13591.3662109375,19.646055987439468,Gamma
2021-08-01,107.0,83.42438908169609,8,2021,8926.409631741482,False,2,8,0,False,True,False,0.0,0.0,83.42438908169609,0.0,0.0,107.0,1,6,1,3,213,0,0,8,9176.203,-249.79349325851763,-235.95558,8940.247,-13.837438571017628,-7.736825466156006,9168.4658203125,-242.05618857101763,-1.0327626466751099,9175.169921875,-248.76029013351763,Delta
2021-08-01,119.0,131.44684825889357,8,2021,15642.174942808337,False,0,8,0,False,False,False,0.0,0.0,0.0,0.0,0.0,0.0,1,6,1,3,213,0,0,0,15518.648,123.52650530833671,120.31102,15638.959,3.2159584333367093,-4.701807022094727,15513.9462890625,128.2286537458367,-12.902164459228516,15505.74609375,136.4288490583367,Alpha
2021-08-01,96.0,139.6788409906012,8,2021,13409.168735097715,False,1,8,0,True,False,False,139.6788409906012,0.0,0.0,96.0,0.0,0.0,1,6,1,3,213,8,0,0,13635.429,-226.2599758397846,-224.45961,13410.969,-1.8000149022846017,12.4349365234375,13647.86328125,-238.6945461522846,-0.6558713912963867,13634.7724609375,-225.6037258397846,Beta
2021-09-01,114.0,57.51377817358088,9,2021,6556.57071178822,False,2,9,0,False,True,False,0.0,0.0,57.51377817358088,0.0,0.0,114.0,1,2,0,3,244,0,0,9,6554.7197,1.850985225720251,-1.2502743,6553.469,3.101473506970251,-42.333763122558594,6512.3857421875,44.18496960072025,-36.6934814453125,6518.0263671875,38.54434460072025,Delta
2021-09-01,104.0,67.23198712016298,9,2021,6992.126660496951,False,1,9,0,True,False,False,67.23198712016298,0.0,0.0,104.0,0.0,0.0,1,2,0,3,244,9,0,0,7000.418,-8.291308253048555,-9.244688,6991.1733,0.9533206532014447,-52.431453704833984,6947.986328125,44.140332371951445,-31.437746047973633,6968.97998046875,23.146680028201445,Beta
2021-09-01,106.0,84.56959935039194,9,2021,8964.377531141545,False,3,9,0,False,False,True,0.0,84.56959935039194,0.0,0.0,106.0,0.0,1,2,0,3,244,0,9,0,9026.352,-61.97403135845525,-52.75358,8973.598,-9.22012510845525,-12.042495727539062,9014.30859375,-49.93106260845525,-31.437746047973633,8994.9140625,-30.53653135845525,Gamma
2021-09-01,98.0,119.67371653641509,9,2021,11728.02422056868,False,0,9,0,False,False,False,0.0,0.0,0.0,0.0,0.0,0.0,1,2,0,3,244,0,0,0,11728.957,-0.9328106813190971,1.4080815,11730.365,-2.341013806319097,-37.94851303100586,11691.0087890625,37.0154315061809,-17.161954879760742,11711.794921875,16.229298693680903,Alpha
2021-10-01,111.0,123.50710438038858,10,2021,13709.288586223132,False,0,10,0,False,False,False,0.0,0.0,0.0,0.0,0.0,0.0,1,4,0,4,274,0,0,0,13602.603,106.68604716063237,102.544556,13705.147,4.14112528563237,-39.098453521728516,13563.50390625,145.78467997313237,-13.834691047668457,13588.767578125,120.52100809813237,Alpha
2021-10-01,114.0,118.8402396427736,10,2021,13547.78731927619,False,2,10,0,False,True,False,0.0,0.0,118.8402396427736,0.0,0.0,114.0,1,4,0,4,274,0,0,10,13550.127,-2.3396338488091715,-0.69399923,13549.433,-1.6452979113091715,-217.17709350585938,13332.9501953125,214.83712396369083,-20.465028762817383,13529.662109375,18.12520990119083,Delta
2021-10-01,97.0,66.89350630721646,10,2021,6488.670111799996,False,1,10,0,True,False,False,66.89350630721646,0.0,0.0,97.0,0.0,0.0,1,4,0,4,274,10,0,0,6524.0005,-35.33037648125355,-34.047802,6489.9526,-1.282524918753552,-27.912906646728516,6496.08740234375,-7.417290543753552,-42.57564926147461,6481.4248046875,7.245307112496448,Beta
2021-10-01,109.0,96.20058036441328,10,2021,10485.863259721047,False,3,10,0,False,False,True,0.0,96.20058036441328,0.0,0.0,109.0,0.0,1,4,0,4,274,0,10,0,10466.447,19.415994096047143,11.500202,10477.947,7.915994096047143,5.030987739562988,10471.478515625,14.384744096047143,-13.834691047668457,10452.6123046875,33.25095503354714,Gamma
2021-11-01,123.0,67.74395437797229,11,2021,8332.506388490592,False,0,11,0,False,False,False,0.0,0.0,0.0,0.0,0.0,0.0,1,0,0,4,305,0,0,0,8345.796,-13.289509946907856,-13.539225,8332.257,0.24955255309214408,-27.66121482849121,8318.134765625,14.371622865592144,-31.158044815063477,8314.6376953125,17.868693178092144,Alpha
2021-11-01,105.0,58.87025337570556,11,2021,6181.376604449084,False,1,11,0,True,False,False,58.87025337570556,0.0,0.0,105.0,0.0,0.0,1,0,0,4,305,11,0,0,6177.2676,4.10902632408397,-1.1925658,6176.075,5.30140913658397,-39.98802185058594,6137.27978515625,44.09681929283397,-37.08266067504883,6140.18505859375,41.19154585533397,Beta
2021-11-01,110.0,131.91023176742,11,2021,14510.1254944162,False,2,11,0,False,True,False,0.0,0.0,131.91023176742,0.0,0.0,110.0,1,0,0,4,305,0,0,11,14532.549,-22.423333708800783,-22.181461,14510.367,-0.24169308380078292,22.24942970275879,14554.7978515625,-44.67235714630078,-22.74569320678711,14509.802734375,0.3227600411992171,Delta
2021-11-01,136.0,108.62298320167972,11,2021,14772.725715428442,False,3,11,0,False,False,True,0.0,108.62298320167972,0.0,0.0,136.0,0.0,1,0,0,4,305,0,11,0,14762.553,10.172981053441617,13.4007635,14775.953,-3.2274095715583826,47.9683723449707,14810.521484375,-37.79576894655838,-13.510625839233398,14749.0419921875,23.683723240941617,Gamma
2021-12-01,128.0,149.0505142000673,12,2021,19078.465817608616,False,0,12,0,False,False,False,0.0,0.0,0.0,0.0,0.0,0.0,1,2,0,4,335,0,0,0,19024.053,54.41308323361591,54.052235,19078.105,0.3603488586159074,15.433626174926758,19039.486328125,38.97948948361591,-13.834691047668457,19010.21875,68.24706760861591,Alpha
2021-12-01,130.0,77.21451372299627,12,2021,10037.886783989516,False,2,12,0,False,True,False,0.0,0.0,77.21451372299627,0.0,0.0,130.0,1,2,0,4,335,0,0,12,10040.813,-2.9266925729843933,1.7364424,10042.55,-4.663020697984393,-14.08086109161377,10026.732421875,11.154362114515607,-35.07284927368164,10005.740234375,32.14654961451561,Delta
2021-12-01,120.0,51.81101838208405,12,2021,6217.322205850086,False,3,12,0,False,False,True,0.0,51.81101838208405,0.0,0.0,120.0,0.0,1,2,0,4,335,0,12,0,6215.1133,2.208924600085993,-0.543908,6214.5693,2.752869912585993,-325.2897644042969,5889.82373046875,327.498475381336,-37.08266067504883,6178.03076171875,39.29144413133599,Gamma
2021-12-01,105.0,70.63337184057926,12,2021,7416.504043260822,False,1,12,0,True,False,False,70.63337184057926,0.0,0.0,105.0,0.0,0.0,1,2,0,4,335,12,0,0,7594.9297,-178.42564423917793,-173.82509,7421.1045,-4.600448926677927,-7.642981052398682,7587.28662109375,-170.78257783292793,-1.5061112642288208,7593.42333984375,-176.91929658292793,Beta
2022-01-01,130.0,142.24993811772958,1,2022,18492.49195530485,False,3,1,0,False,False,True,0.0,142.24993811772958,0.0,0.0,130.0,0.0,1,5,1,1,1,0,1,0,18501.969,-9.476794695150602,-13.781514,18488.188,4.304455304849398,-239.1929168701172,18262.775390625,229.7165646798494,-64.7163314819336,18437.251953125,55.2400021798494,Gamma
2022-01-01,130.0,59.158207332663416,1,2022,7690.566953246244,False,2,1,0,False,True,False,0.0,0.0,59.158207332663416,0.0,0.0,130.0,1,5,1,1,1,0,0,1,7687.633,2.9341407462443385,2.709476,7690.3423,0.22466808999433852,-57.6720085144043,7629.9609375,60.60601574624434,-30.524553298950195,7657.1083984375,33.45855480874434,Delta
2022-01-01,123.0,119.03948286293652,1,2022,14641.856392141191,False,1,1,0,True,False,False,119.03948286293652,0.0,0.0,123.0,0.0,0.0,1,5,1,1,1,1,0,0,14626.534,15.322212453691463,14.657779,14641.192,0.6640093286914635,-63.54658889770508,14562.9873046875,78.86908745369146,-1.6890225410461426,14624.8447265625,17.011665578691463,Beta
2022-01-01,125.0,127.64129607419969,1,2022,15955.162009274962,False,0,1,0,False,False,False,0.0,0.0,0.0,0.0,0.0,0.0,1,5,1,1,1,0,0,0,15901.153,54.00868896246175,54.131565,15955.285,-0.123146975038253,-148.94810485839844,15752.205078125,202.95693114996175,-19.58698272705078,15881.56640625,73.59560302496175,Alpha
2022-02-01,140.0,107.62883601668132,2,2022,15068.037042335383,False,3,2,0,False,False,True,0.0,107.62883601668132,0.0,0.0,140.0,0.0,1,1,0,1,32,0,2,0,15079.916,-11.878973289616624,-5.5615816,15074.3545,-6.317449852116624,139.64114379882812,15219.5576171875,-151.52057485211662,15.917049407958984,15095.8330078125,-27.795965477116624,Gamma
2022-02-01,127.0,135.8412751843012,2,2022,17251.84194840625,False,0,2,0,False,False,False,0.0,0.0,0.0,0.0,0.0,0.0,1,1,0,1,32,0,0,0,17314.717,-62.874848468749406,-58.780544,17255.936,-4.093598468749406,130.13314819335938,17444.849609375,-193.0076609687494,-23.499332427978516,17291.216796875,-39.374848468749406,Alpha
2022-02-01,152.0,145.02373538208025,2,2022,22043.6077780762,False,2,2,0,False,True,False,0.0,0.0,145.02373538208025,0.0,0.0,152.0,1,1,0,1,32,0,0,2,20221.842,1821.7659812011989,1798.665,22020.508,23.099965576198883,3.24470591545105,20225.0859375,1818.5218405761989,16.617366790771484,20238.458984375,1805.1487937011989,Delta
2022-02-01,137.0,137.35786241067774,2,2022,18818.02715026285,False,1,2,0,True,False,False,137.35786241067774,0.0,0.0,137.0,0.0,0.0,1,1,0,1,32,2,0,0,18817.055,0.9724627628493181,4.6100216,18821.664,-3.636912237150682,264.542236328125,19081.59765625,-263.5705059871507,41.98833084106445,18859.04296875,-41.01581848715068,Beta
2022-03-01,139.0,123.64442356247228,3,2022,17186.574875183647,False,3,3,0,False,False,True,0.0,123.64442356247228,0.0,0.0,139.0,0.0,1,1,0,1,60,0,3,0,16734.977,451.59831268364724,435.07104,17170.047,16.528000183647237,34.36117172241211,16769.337890625,417.23698455864724,9.836859703063965,16744.8125,441.76237518364724,Gamma
2022-03-01,150.0,104.1900947378358,3,2022,15628.51421067537,True,2,3,1,False,True,False,0.0,0.0,104.1900947378358,0.0,0.0,150.0,1,1,0,1,60,0,0,3,14779.816,848.6978044253701,852.77203,15632.589,-4.074656512129877,-4.555028915405273,14775.26171875,853.2524919253701,1.0554136037826538,14780.8720703125,847.6421403628701,Delta
2022-03-01,155.0,77.68776481472037,3,2022,12041.603546281656,False,1,3,0,True,False,False,77.68776481472037,0.0,0.0,155.0,0.0,0.0,1,1,0,1,60,3,0,0,12064.166,-22.562469343343764,-23.227139,12040.938,0.6650697191562358,860.71337890625,12924.87890625,-883.2753599683438,1497.8773193359375,13562.04296875,-1520.4394224683438,Beta
2022-03-01,133.0,125.45428740846825,3,2022,16685.420225326277,False,0,3,0,False,False,False,0.0,0.0,0.0,0.0,0.0,0.0,1,1,0,1,60,0,0,0,16589.57,95.84991282627743,93.41954,16682.99,2.429990951277432,-36.1403694152832,16553.4296875,131.99053782627743,12.651686668395996,16602.22265625,83.19756907627743,Alpha
2022-04-01,155.0,95.0839371404132,4,2022,14738.010256764046,False,3,4,0,False,False,True,0.0,95.0839371404132,0.0,0.0,155.0,0.0,1,4,0,2,91,0,4,0,12818.2705,1919.739748951546,1881.3203,14699.591,38.41943645154606,35.200130462646484,12853.470703125,1884.539553639046,0.8399120569229126,12819.1103515625,1918.899905201546,Gamma
2022-04-01,148.0,130.65611478614497,4,2022,19337.104988349456,False,2,4,0,False,True,False,0.0,0.0,130.65611478614497,0.0,0.0,148.0,1,4,0,2,91,0,0,4,19294.809,42.29639459945611,42.552036,19337.361,-0.25633977554389276,414.1775817871094,19708.986328125,-371.8813397755439,56.73764419555664,19351.546875,-14.441886650543893,Delta
2022-04-01,116.0,100.52523724478571,4,2022,11660.927520395142,False,0,4,0,False,False,False,0.0,0.0,0.0,0.0,0.0,0.0,1,4,0,2,91,0,0,0,11703.568,-42.64083897985802,-40.565792,11663.003,-2.0754092923580174,65.60163879394531,11769.169921875,-108.24240147985802,-23.792129516601562,11679.7763671875,-18.848846792358017,Alpha
2022-04-01,144.0,68.45210193563773,4,2022,9857.102678731831,False,1,4,0,True,False,False,68.45210193563773,0.0,0.0,144.0,0.0,0.0,1,4,0,2,91,4,0,0,9833.338,23.764788106831475,19.031809,9852.37,4.732561544331475,-242.51608276367188,9590.822265625,266.2804131068315,0.41057395935058594,9833.748046875,23.354631856831475,Beta
2022-05-01,140.0,142.08418826173724,5,2022,19891.786356643213,False,3,5,0,False,False,True,0.0,142.08418826173724,0.0,0.0,140.0,0.0,1,6,1,2,121,0,5,0,19900.36,-8.573018356786633,-4.8613825,19895.498,-3.7116902317866334,-13.128740310668945,19887.23046875,4.555887893213367,23.408796310424805,19923.767578125,-31.981221481786633,Gamma
2022-05-01,117.0,98.45229851910211,5,2022,11518.918926734948,False,1,5,0,True,False,False,98.45229851910211,0.0,0.0,117.0,0.0,0.0,1,6,1,2,121,5,0,0,11512.311,6.6083798599484,3.9687858,11516.279,2.6396298599484,-161.80706787109375,11350.50390625,168.4150204849484,-15.276374816894531,11497.0341796875,21.8847470474484,Beta
2022-05-01,133.0,134.91956515653192,5,2022,17944.302165818746,False,2,5,0,False,True,False,0.0,0.0,134.91956515653192,0.0,0.0,133.0,1,6,1,2,121,0,0,5,17974.404,-30.10213105625371,-31.329521,17943.074,1.227947068746289,-84.48458099365234,17889.919921875,54.38224394374629,3.740689516067505,17978.14453125,-33.84236543125371,Delta
2022-05-01,140.0,139.55232284962003,5,2022,19537.325198946804,False,0,5,0,False,False,False,0.0,0.0,0.0,0.0,0.0,0.0,1,6,1,2,121,0,0,0,19502.6,34.72558957180445,35.508965,19538.11,-0.7841760531955515,69.46583557128906,19572.06640625,-34.74120730319555,48.89424514770508,19551.494140625,-14.168941678195552,Alpha
2022-06-01,134.0,109.12754357449292,6,2022,14623.09083898205,False,3,6,0,False,False,True,0.0,109.12754357449292,0.0,0.0,134.0,0.0,1,2,0,2,152,0,6,0,14602.775,20.315448357050627,14.430774,14617.206,5.884784294550627,55.305633544921875,14658.0810546875,-34.99021570544937,-13.510625839233398,14589.2646484375,33.82619054455063,Gamma
2022-06-01,111.0,72.12094418196023,6,2022,8005.424804197585,False,2,6,0,False,True,False,0.0,0.0,72.12094418196023,0.0,0.0,111.0,1,2,0,2,152,0,0,6,8190.0073,-184.58252002116478,-175.43753,8014.57,-9.145020021164783,-7.811649799346924,8182.19580078125,-176.77099658366478,-2.678030014038086,8187.3291015625,-181.90429736491478,Delta
2022-06-01,116.0,140.53819764192636,6,2022,16302.430926463458,False,0,6,0,False,False,False,0.0,0.0,0.0,0.0,0.0,0.0,1,2,0,2,152,0,0,0,16290.723,11.708270213457581,11.24239,16301.965,0.4660827134575811,-7.179533004760742,16283.54296875,18.88795771345758,-5.110856056213379,16285.611328125,16.81959833845758,Alpha
2022-06-01,124.0,96.2534716133148,6,2022,11935.430480051034,False,1,6,0,True,False,False,96.2534716133148,0.0,0.0,124.0,0.0,0.0,1,2,0,2,152,6,0,0,11923.8955,11.534972238534465,11.423924,11935.319,0.11114411353446485,118.60904693603516,12042.5048828125,-107.07440276146554,12.627039909362793,11936.5224609375,-1.0919808864655351,Beta
2022-07-01,121.0,75.24369443440207,7,2022,9104.48702656265,False,1,7,0,True,False,False,75.24369443440207,0.0,0.0,121.0,0.0,0.0,1,4,0,3,182,7,0,0,8744.223,360.2643703126505,352.92822,9097.15,7.336635937650499,1.9279922246932983,8746.150390625,358.3366359376505,-0.9197463989257812,8743.302734375,361.1842921876505,Beta
2022-07-01,109.0,83.51972416459009,7,2022,9103.64993394032,False,3,7,0,False,False,True,0.0,83.51972416459009,0.0,0.0,109.0,0.0,1,4,0,3,182,0,7,0,9117.838,-14.187956684680103,-11.544608,9106.293,-2.6430348096801026,21.549339294433594,9139.3876953125,-35.7377613721801,-31.437746047973633,9086.400390625,17.249543315319897,Gamma
2022-07-01,95.0,145.0061967050805,7,2022,13775.588686982648,False,0,7,0,False,False,False,0.0,0.0,0.0,0.0,0.0,0.0,1,4,0,3,182,0,0,0,13792.485,-16.89666457985186,-16.0941,13776.392,-0.8029145798518584,-130.38775634765625,13662.09765625,113.49103073264814,-27.279184341430664,13765.2060546875,10.382632295148142,Alpha
2022-07-01,131.0,106.79452305526294,7,2022,13990.082520239446,False,2,7,0,False,True,False,0.0,0.0,106.79452305526294,0.0,0.0,131.0,1,4,0,3,182,0,0,7,13939.131,50.95166086444624,48.388668,13987.52,2.5629889894462394,-57.360923767089844,13881.76953125,108.31298898944624,9.76580810546875,13948.896484375,41.18603586444624,Delta
2022-08-01,124.0,119.742026724684,8,2022,14848.011313860816,False,2,8,0,False,True,False,0.0,0.0,119.742026724684,0.0,0.0,124.0,1,0,0,3,213,0,0,8,14878.824,-30.81290488918421,-28.897512,14849.927,-1.9154439516842103,-44.13519287109375,14834.689453125,13.32186073581579,-0.7019791603088379,14878.1220703125,-30.11075645168421,Delta
2022-08-01,107.0,60.7172011339776,8,2022,6496.740521335603,False,1,8,0,True,False,False,60.7172011339776,0.0,0.0,107.0,0.0,0.0,1,0,0,3,213,8,0,0,6536.15,-39.40938100814674,-37.41957,6498.7305,-1.9899474143967382,-21.417280197143555,6514.732421875,-17.991900539396738,-36.6934814453125,6499.45654296875,-2.716021633146738,Beta
2022-08-01,130.0,113.18372121697992,8,2022,14713.88375820739,False,0,8,0,False,False,False,0.0,0.0,0.0,0.0,0.0,0.0,1,0,0,3,213,0,0,0,14759.954,-46.0703433551098,-46.335003,14713.619,0.2646175823902013,23.095901489257812,14783.0498046875,-69.1660464801098,-12.213884353637695,14747.740234375,-33.8564761676098,Alpha
2022-08-01,105.5,83.34991716911442,8,2022,8793.416261341572,True,3,8,1,False,False,True,0.0,83.34991716911442,0.0,0.0,105.5,0.0,1,0,0,3,213,0,8,0,8566.25,227.16626134157195,224.51924,8790.77,2.6467300915719534,-4.287072658538818,8561.962890625,231.45337071657195,-3.391531229019165,8562.8583984375,230.55786290407195,Gamma
2022-09-01,99.0,147.10582451653676,9,2022,14563.47662713714,False,2,9,0,False,True,False,0.0,0.0,147.10582451653676,0.0,0.0,99.0,1,3,0,3,244,0,0,9,14706.101,-142.6239588003591,-141.61017,14564.49,-1.0136072378591052,-12.692771911621094,14693.408203125,-129.9315759878591,1.155503749847412,14707.255859375,-143.7792322378591,Delta
2022-09-01,103.0,82.8664545369916,9,2022,8535.244817310135,False,0,9,0,False,False,False,0.0,0.0,0.0,0.0,0.0,0.0,1,3,0,3,244,0,0,0,8513.617,21.62762981013475,16.906479,8530.523,4.721379810134749,14.526337623596191,8528.1435546875,7.101262622634749,-31.158044815063477,8482.458984375,52.78583293513475,Alpha
2022-09-01,102.0,141.98556164127604,9,2022,14482.527287410156,False,3,9,0,False,False,True,0.0,141.98556164127604,0.0,0.0,102.0,0.0,1,3,0,3,244,0,9,0,14492.567,-10.040095402344377,-16.419376,14476.148,6.378849910155623,-258.5035705566406,14234.0634765625,248.46381084765562,-17.161954879760742,14475.4052734375,7.122013972655623,Gamma
2022-09-01,103.0,74.24705036347297,9,2022,7647.446187437716,False,1,9,0,True,False,False,74.24705036347297,0.0,0.0,103.0,0.0,0.0,1,3,0,3,244,9,0,0,7619.3936,28.052632750215707,25.828758,7645.222,2.2240194689657073,-134.9123077392578,7484.4814453125,162.9647421252157,-31.437746047973633,7587.95556640625,59.49062103146571,Beta
2022-10-01,112.0,129.15790437258485,10,2022,14465.685289729505,False,0,10,0,False,False,False,0.0,0.0,0.0,0.0,0.0,0.0,1,5,1,4,274,0,0,0,14524.179,-58.4934212079952,-52.16355,14472.016,-6.330335270495198,-41.75756072998047,14482.4208984375,-16.735608707995198,-13.834691047668457,14510.34375,-44.6584602704952,Alpha
2022-10-01,100.0,52.00711977777264,10,2022,5200.711977777264,False,1,10,0,True,False,False,52.00711977777264,0.0,0.0,100.0,0.0,0.0,1,5,1,4,274,10,0,0,5213.3193,-12.60735816023589,-10.187718,5203.132,-2.41985816023589,-66.01266479492188,5147.306640625,53.40533715226411,-42.57564926147461,5170.74365234375,29.96832543351411,Beta
2022-10-01,102.0,123.75012481097484,10,2022,12622.512730719434,False,3,10,0,False,False,True,0.0,123.75012481097484,0.0,0.0,102.0,0.0,1,5,1,4,274,0,10,0,13273.99,-651.4775036555657,-632.526,12641.464,-18.95113646806567,21.788860321044922,13295.779296875,-673.2665661555657,5.383229732513428,13279.373046875,-656.8603161555657,Gamma
2022-10-01,129.0,136.20426509893133,10,2022,17570.35019776214,False,2,10,0,False,True,False,0.0,0.0,136.20426509893133,0.0,0.0,129.0,1,5,1,4,274,0,0,10,17571.982,-1.632224112858239,-0.62648237,17571.355,-1.005270987858239,-70.37935638427734,17501.603515625,68.74668213714176,-22.74569320678711,17549.236328125,21.11386963714176,Delta
2022-11-01,125.0,132.89154741506775,11,2022,16611.44342688347,False,2,11,0,False,True,False,0.0,0.0,132.89154741506775,0.0,0.0,125.0,1,1,0,4,305,0,0,11,16605.31,6.132880008470238,2.4810433,16607.791,3.652411258470238,-119.7223892211914,16485.587890625,125.85553625847024,-20.465028762817383,16584.845703125,26.597723758470238,Delta
2022-11-01,107.0,82.74973521779147,11,2022,8854.221668303688,False,1,11,0,True,False,False,82.74973521779147,0.0,0.0,107.0,0.0,0.0,1,1,0,4,305,11,0,0,8917.439,-63.21778482131231,-58.604862,8858.835,-4.613292633812307,-4.0146870613098145,8913.4248046875,-59.20313638381231,0.3057926595211029,8917.7451171875,-63.52344888381231,Beta
2022-11-01,111.0,95.24395161326932,11,2022,10572.078629072894,False,3,11,0,False,False,True,0.0,95.24395161326932,0.0,0.0,111.0,0.0,1,1,0,4,305,0,11,0,10597.622,-25.54344123960618,-21.408274,10576.214,-4.135238114606182,55.96946334838867,10653.591796875,-81.51316780210618,-12.902164459228516,10584.7197265625,-12.641097489606182,Gamma
2022-11-01,122.0,99.44203047025816,11,2022,12131.927717371496,False,0,11,0,False,False,False,0.0,0.0,0.0,0.0,0.0,0.0,1,1,0,4,305,0,0,0,12128.107,3.8202954964963283,4.038079,12132.1455,-0.21779044100367173,4.976830005645752,12133.083984375,-1.1562670035036717,-12.213884353637695,12115.8935546875,16.03416268399633,Alpha
2022-12-01,97.0,94.1530501373377,12,2022,9132.845863321758,False,0,12,0,False,False,False,0.0,0.0,0.0,0.0,0.0,0.0,1,3,0,4,335,0,0,0,9120.971,11.87516019675786,11.295518,9132.267,0.5792617592578608,-7.18459939956665,9113.7861328125,19.05973050925786,-20.691707611083984,9100.279296875,32.56656644675786,Alpha
2022-12-01,105.0,109.35924535540488,12,2022,11482.720762317513,False,1,12,0,True,False,False,109.35924535540488,0.0,0.0,105.0,0.0,0.0,1,3,0,4,335,12,0,0,11478.931,3.7900982550127083,3.7558649,11482.687,0.03423888001270825,46.079288482666016,11525.009765625,-42.28900330748729,-12.213884353637695,11466.716796875,16.00396544251271,Beta
2022-12-01,118.0,99.83677727394796,12,2022,11780.73971832586,True,3,12,1,False,False,True,0.0,99.83677727394796,0.0,0.0,118.0,0.0,1,3,0,4,335,0,12,0,11783.516,-2.77590667414006,-1.7364401,11781.779,-1.0395785491400602,57.03224563598633,11840.5478515625,-59.80813323664006,-12.902164459228516,11770.61328125,10.12643707585994,Gamma
2022-12-01,111.0,57.69532016292092,12,2022,6404.180538084223,False,2,12,0,False,True,False,0.0,0.0,57.69532016292092,0.0,0.0,111.0,1,3,0,4,335,0,0,12,6402.635,1.5457724592233717,0.844013,6403.479,0.7015341779733717,-29.0263671875,6373.6083984375,30.57213964672337,-31.437746047973633,6371.19677734375,32.98376074047337,Delta
2023-01-01,125.0,86.23938991166331,1,2023,10779.923738957914,False,3,1,0,False,False,True,0.0,86.23938991166331,0.0,0.0,125.0,0.0,1,6,1,1,1,0,1,0,11864.034,-1084.1104407295861,-1066.6139,10797.42,-17.496182917086117,-20.93208122253418,11843.1025390625,-1063.1788001045861,-1.8504496812820435,11862.18359375,-1082.2598547920861,Gamma
2023-01-01,134.0,122.47667715287616,1,2023,16411.874738485407,False,2,1,0,False,True,False,0.0,0.0,122.47667715287616,0.0,0.0,134.0,1,6,1,1,1,0,0,1,16405.164,6.710675985406851,2.9297273,16408.094,3.7809884854068514,135.84083557128906,16541.005859375,-129.13112088959315,8.525123596191406,16413.689453125,-1.8147146395931486,Delta
2023-01-01,144.0,61.706701642760585,1,2023,8885.765036557525,False,0,1,0,False,False,False,0.0,0.0,0.0,0.0,0.0,0.0,1,6,1,1,1,0,0,0,8889.451,-3.6861353174754186,-0.5144623,8888.937,-3.1714868799754186,-34.099090576171875,8855.3525390625,30.41249749502458,-14.066558837890625,8875.384765625,10.380270932524581,Alpha
2023-01-01,133.0,99.84421989290573,1,2023,13279.28124575646,False,1,1,0,True,False,False,99.84421989290573,0.0,0.0,133.0,0.0,0.0,1,6,1,1,1,1,0,0,13249.935,29.34667544395961,27.559574,13277.494,1.7871051314596116,38.44818115234375,13288.3828125,-9.101566743540388,45.041343688964844,13294.9755859375,-15.694340181040388,Beta
2023-02-01,114.0,108.68411180208793,2,2023,12389.988745438024,False,1,2,0,True,False,False,108.68411180208793,0.0,0.0,114.0,0.0,0.0,1,2,0,1,32,2,0,0,12397.757,-7.768090499475875,-6.9905095,12390.767,-0.7778561244758748,23.927024841308594,12421.68359375,-31.694848311975875,-19.58698272705078,12378.169921875,11.818823563024125,Beta
2023-02-01,136.0,51.30944565883336,2,2023,6978.084609601337,False,3,2,0,False,False,True,0.0,51.30944565883336,0.0,0.0,136.0,0.0,1,2,0,1,32,0,2,0,7018.15,-40.065292742412566,-41.789246,6976.361,1.7237697575874336,-109.26554107666016,6908.88427734375,69.20033225758743,-68.61360931396484,6949.5361328125,28.548476788837434,Gamma
2023-02-01,111.0,103.94912923753373,2,2023,11538.353345366244,False,2,2,0,False,True,False,0.0,0.0,103.94912923753373,0.0,0.0,111.0,1,2,0,1,32,0,0,2,11550.455,-12.101732758756043,-14.630738,11535.824,2.529126616243957,-113.05216979980469,11437.4033203125,100.95002505374396,-23.499332427978516,11526.9560546875,11.397290678743957,Delta
2023-02-01,119.0,111.8218063316261,2,2023,13306.794953463506,False,0,2,0,False,False,False,0.0,0.0,0.0,0.0,0.0,0.0,1,2,0,1,32,0,0,0,13219.181,87.61428940100632,82.70612,13301.887,4.908234713506317,-29.034929275512695,13190.1455078125,116.64944565100632,-23.499332427978516,13195.681640625,111.11331283850632,Alpha
2023-03-01,141.0,146.1070317469455,3,2023,20601.091476319318,False,3,3,0,False,False,True,0.0,146.1070317469455,0.0,0.0,141.0,0.0,1,2,0,1,60,0,3,0,20582.154,18.937179444317735,19.547834,20601.701,-0.609695555682265,124.38931274414062,20706.54296875,-105.45149243068226,10.805196762084961,20592.958984375,8.132491944317735,Gamma
2023-03-01,117.0,120.096913145912,3,2023,14051.338838071704,False,0,3,0,False,False,False,0.0,0.0,0.0,0.0,0.0,0.0,1,2,0,1,60,0,0,0,14273.155,-221.81643536579577,-217.09251,14056.0625,-4.723661928295769,-5.7349138259887695,14267.419921875,-216.08108380329577,0.06651115417480469,14273.2216796875,-221.88284161579577,Alpha
2023-03-01,144.0,62.75803027955638,3,2023,9037.156360256118,False,1,3,0,True,False,False,62.75803027955638,0.0,0.0,144.0,0.0,0.0,1,2,0,1,60,3,0,0,9068.015,-30.858288181381795,-29.622028,9038.393,-1.2362178688817949,-74.46637725830078,8993.5478515625,43.608508693618205,35.76244354248047,9103.77734375,-66.6209834938818,Beta
2023-03-01,146.0,112.58913764370092,3,2023,16438.014095980336,False,2,3,0,False,True,False,0.0,0.0,112.58913764370092,0.0,0.0,146.0,1,2,0,1,60,0,0,3,16440.621,-2.6069977696643036,-4.692484,16435.928,2.0863616053356964,46.1772346496582,16486.798828125,-48.784732144664304,56.73764419555664,16497.359375,-59.345279019664304,Delta
2023-04-01,125.0,114.59172413316011,4,2023,14323.965516645014,False,1,4,0,True,False,False,114.59172413316011,0.0,0.0,125.0,0.0,0.0,1,5,1,2,91,4,0,0,14379.322,-55.35674897998615,-47.10929,14332.213,-8.24737397998615,-129.75253295898438,14249.5693359375,74.39618070751385,8.713037490844727,14388.03515625,-64.06963960498615,Beta
2023-04-01,112.0,120.62422271564962,4,2023,13509.912944152758,False,0,4,0,False,False,False,0.0,0.0,0.0,0.0,0.0,0.0,1,5,1,2,91,0,0,0,13570.321,-60.40834490974157,-60.730484,13509.591,0.32212384025842766,28.700756072998047,13599.0224609375,-89.10951678474157,-11.707823753356934,13558.61328125,-48.70033709724157,Alpha
2023-04-01,149.0,73.29594747536338,4,2023,10921.096173829144,False,2,4,0,False,True,False,0.0,0.0,73.29594747536338,0.0,0.0,149.0,1,5,1,2,91,0,0,4,10600.528,320.5678535166444,326.69946,10927.228,-6.131365233355609,11.873706817626953,10612.40234375,308.6938300791444,0.8542551398277283,10601.3828125,319.7133613291444,Delta
2023-04-01,136.0,58.53496680786439,4,2023,7960.755485869558,True,3,4,1,False,False,True,0.0,58.53496680786439,0.0,0.0,136.0,0.0,1,5,1,2,91,0,4,0,7954.9204,5.83507571330756,3.9619052,7958.8823,1.8731616508075604,-54.99615478515625,7899.92431640625,60.83116946330756,-86.18340301513672,7868.73681640625,92.01866946330756,Gamma
2023-05-01,131.0,124.99604703991778,5,2023,16374.48216222923,False,3,5,0,False,False,True,0.0,124.99604703991778,0.0,0.0,131.0,0.0,1,0,0,2,121,0,5,0,16381.373,-6.890884645770711,-12.231225,16369.142,5.340560666729289,-285.2109069824219,16096.162109375,278.3200528542293,-40.34991455078125,16341.0234375,33.45872472922929,Gamma
2023-05-01,130.0,148.65152487929797,5,2023,19324.698234308737,False,1,5,0,True,False,False,148.65152487929797,0.0,0.0,130.0,0.0,0.0,1,0,0,2,121,5,0,0,19317.852,6.846671808736573,5.318378,19323.17,1.5283124337365734,-72.04832458496094,19245.802734375,78.89549993373657,-11.138936996459961,19306.712890625,17.985343683736573,Beta
2023-05-01,108.0,148.66395785011753,5,2023,16055.707447812692,False,0,5,0,False,False,False,0.0,0.0,0.0,0.0,0.0,0.0,1,0,0,2,121,0,0,0,16057.834,-2.1265365623075922,-3.8408868,16053.993,1.7142837501924078,-102.21466827392578,15955.619140625,100.08830718769241,-28.15762710571289,16029.6767578125,26.030690000192408,Alpha
2023-05-01,139.0,129.87832357736653,5,2023,18053.086977253948,True,2,5,1,False,True,False,0.0,0.0,129.87832357736653,0.0,0.0,139.0,1,0,0,2,121,0,0,5,18043.807,9.280336628948135,9.213837,18053.02,0.0674460039481346,-11.594783782958984,18032.2109375,20.876039753948135,14.01225471496582,18057.818359375,-4.731382121051865,Delta
2023-06-01,123.0,60.17824726204037,6,2023,7401.924413230966,False,1,6,0,True,False,False,60.17824726204037,0.0,0.0,123.0,0.0,0.0,1,3,0,2,152,6,0,0,7391.038,10.88632729346591,10.32336,7401.3613,0.5630851059659108,7.196703910827637,7398.23486328125,3.6895499497159108,-43.49422836303711,7347.5439453125,54.38046791846591,Beta
2023-06-01,129.0,97.98756203039088,6,2023,12640.395501920422,False,2,6,0,False,True,False,0.0,0.0,97.98756203039088,0.0,0.0,129.0,1,3,0,2,152,0,0,6,12624.197,16.198236295422248,14.425578,12638.623,1.772455045422248,-14.914427757263184,12609.283203125,31.112298795422248,-11.707823753356934,12612.4892578125,27.906244107922248,Delta
2023-06-01,110.0,70.51396404820072,6,2023,7756.536045302079,False,3,6,0,False,False,True,0.0,70.51396404820072,0.0,0.0,110.0,0.0,1,3,0,2,152,0,6,0,7807.6807,-51.1446187604206,-49.699223,7757.9814,-1.4454000104205988,17.540897369384766,7825.2216796875,-68.6856343854206,-31.437746047973633,7776.24267578125,-19.7066304791706,Gamma
2023-06-01,116.0,131.27995672575025,6,2023,15228.47498018703,False,0,6,0,False,False,False,0.0,0.0,0.0,0.0,0.0,0.0,1,3,0,2,152,0,0,0,15209.543,18.93201143702936,19.165535,15228.709,-0.2340041879706405,34.306583404541016,15243.849609375,-15.37462918797064,-13.834691047668457,15195.7080078125,32.76697237452936,Alpha
2023-07-01,121.0,58.35007166986688,7,2023,7060.358672053892,False,0,7,0,False,False,False,0.0,0.0,0.0,0.0,0.0,0.0,1,5,1,3,182,0,0,0,7068.689,-8.330292789857594,-9.800824,7058.888,1.4704884601424055,10.40065860748291,7079.08984375,-18.731171696107594,-36.6934814453125,7031.99560546875,28.363066585142406,Alpha
2023-07-01,102.0,97.20669451099992,7,2023,9915.082840121991,False,3,7,0,False,False,True,0.0,97.20669451099992,0.0,0.0,102.0,0.0,1,5,1,3,182,0,7,0,9952.346,-37.26286300300853,-41.80718,9910.538,4.544754184491467,-218.65789794921875,9733.6875,181.39534012199147,-23.758922576904297,9928.5869140625,-13.504073940508533,Gamma
2023-07-01,100.0,66.06813732595558,7,2023,6606.813732595558,False,1,7,0,True,False,False,66.06813732595558,0.0,0.0,100.0,0.0,0.0,1,5,1,3,182,7,0,0,6560.318,46.49586150180767,43.87715,6604.195,2.618908376807667,-76.5344009399414,6483.78369140625,123.03004118930767,-49.17262268066406,6511.14501953125,95.66871306430767,Beta
2023-07-01,116.0,148.4083469199295,7,2023,17215.368242711822,False,2,7,0,False,True,False,0.0,0.0,148.4083469199295,0.0,0.0,116.0,1,5,1,3,182,0,0,7,17194.191,21.17683646182195,19.786999,17213.979,1.3897270868219493,-50.06388854980469,17144.126953125,71.24128958682195,-28.807161331176758,17165.384765625,49.98347708682195,Delta
2023-08-01,116.0,92.13570022770702,8,2023,10687.741226414017,False,2,8,0,False,True,False,0.0,0.0,92.13570022770702,0.0,0.0,116.0,1,1,0,3,213,0,0,8,10732.982,-45.24119546098336,-44.208492,10688.774,-1.0331876484833629,47.40431213378906,10780.38671875,-92.64549233598336,-11.707823753356934,10721.2744140625,-33.53318764848336,Delta
2023-08-01,109.0,127.55276166950104,8,2023,13903.251021975611,False,3,8,0,False,False,True,0.0,127.55276166950104,0.0,0.0,109.0,0.0,1,1,0,3,213,0,8,0,14495.443,-592.1923373993886,-577.24927,13918.194,-14.943313961888634,-10.611257553100586,14484.83203125,-581.5810092743886,3.890749931335449,14499.333984375,-596.0829623993886,Gamma
2023-08-01,110.0,67.33735952947548,8,2023,7407.1095482423025,True,1,8,1,True,False,False,67.33735952947548,0.0,0.0,110.0,0.0,0.0,1,1,0,3,213,8,0,0,7405.4434,1.6661888673024805,0.57669914,7406.02,1.0895287110524805,-17.161144256591797,7388.2822265625,18.82732167980248,-37.12152099609375,7368.32177734375,38.78777089855248,Beta
2023-08-01,116.0,92.42220092469762,8,2023,10720.975307264924,False,0,8,0,False,False,False,0.0,0.0,0.0,0.0,0.0,0.0,1,1,0,3,213,0,0,0,10673.086,47.889369764923686,47.58357,10720.67,0.3053853899236856,2.4634056091308594,10675.5498046875,45.425502577423686,-19.31373405456543,10653.7724609375,67.20284632742369,Alpha
2023-09-01,104.0,94.07627469382282,9,2023,9783.932568157574,False,3,9,0,False,False,True,0.0,94.07627469382282,0.0,0.0,104.0,0.0,1,4,0,3,244,0,9,0,9757.185,26.74799784507377,30.819963,9788.005,-4.072314654926231,68.01655578613281,9825.201171875,-41.26860371742623,-19.31373405456543,9737.87109375,46.06147440757377,Gamma
2023-09-01,120.0,102.45113895702546,9,2023,12294.136674843056,False,1,9,0,True,False,False,102.45113895702546,0.0,0.0,120.0,0.0,0.0,1,4,0,3,244,9,0,0,12275.499,18.637651405555516,19.85431,12295.354,-1.2168407819444838,67.82152557373047,12343.3203125,-49.183637656944484,-12.213884353637695,12263.28515625,30.851518593055516,Beta
2023-09-01,121.0,99.26251042908592,9,2023,12010.763761919396,False,0,9,0,False,False,False,0.0,0.0,0.0,0.0,0.0,0.0,1,4,0,3,244,0,0,0,12071.959,-61.19522245560438,-56.95575,12015.003,-4.23916776810438,34.33298110961914,12106.2919921875,-95.52823026810438,-11.707823753356934,12060.2509765625,-49.48721464310438,Alpha
2023-09-01,109.0,61.04741131313946,9,2023,6654.167833132202,True,2,9,1,False,True,False,0.0,0.0,61.04741131313946,0.0,0.0,109.0,1,4,0,3,244,0,0,9,6679.4146,-25.24671764904815,-28.164928,6651.2495,2.9183214134518494,-7.337544918060303,6672.0771484375,-17.90931530529815,-3.9123497009277344,6675.50244140625,-21.33460827404815,Delta
2023-10-01,104.0,65.52402459307125,10,2023,6814.49855767941,False,3,10,0,False,False,True,0.0,65.52402459307125,0.0,0.0,104.0,0.0,1,6,1,4,274,0,10,0,6700.699,113.79933892940971,104.025185,6804.7246,9.773948304409714,-8.327383041381836,6692.3720703125,122.12648736690971,-10.2564058303833,6690.44287109375,124.05568658565971,Gamma
2023-10-01,102.0,79.63081204559901,10,2023,8122.3428286511,False,2,10,0,False,True,False,0.0,0.0,79.63081204559901,0.0,0.0,102.0,1,6,1,4,274,0,0,10,8146.8804,-24.537542442650192,-31.051983,8115.8286,6.514215369849808,-189.42982482910156,7957.45068359375,164.8921450573498,-49.17262268066406,8097.70751953125,24.635309119849808,Delta
2023-10-01,85.0,61.752624677710486,10,2023,5248.973097605392,False,0,10,0,False,False,False,0.0,0.0,0.0,0.0,0.0,0.0,1,6,1,4,274,0,0,0,6117.515,-868.5420391133584,-854.6371,5262.878,-13.904832082108442,-31.63447380065918,6085.880859375,-836.9077617696084,-18.258394241333008,6099.2568359375,-850.2837383321084,Alpha
2023-10-01,104.0,61.20389021680524,10,2023,6365.204582547745,False,1,10,0,True,False,False,61.20389021680524,0.0,0.0,104.0,0.0,0.0,1,6,1,4,274,10,0,0,6360.3345,4.870109891495304,5.627502,6365.962,-0.7573315147546964,-56.43587875366211,6303.8984375,61.306145047745304,-36.6934814453125,6323.64111328125,41.563469266495304,Beta
2023-11-01,101.0,144.61154621336328,11,2023,14605.766167549693,False,3,11,0,False,False,True,0.0,144.61154621336328,0.0,0.0,101.0,0.0,1,2,0,4,305,0,11,0,14595.818,9.94780817469291,10.155477,14605.974,-0.20746526280709077,-149.19503784179688,14446.623046875,159.1431206746929,-46.839778900146484,14548.978515625,56.78765192469291,Gamma
2023-11-01,104.0,51.78739347334138,11,2023,5385.888921227504,False,2,11,0,False,True,False,0.0,0.0,51.78739347334138,0.0,0.0,104.0,1,2,0,4,305,0,0,11,5806.801,-420.9118600224956,-410.04575,5396.755,-10.865961584995603,-9.145353317260742,5797.6552734375,-411.7663522099956,-6.156900405883789,5800.64404296875,-414.7551217412456,Delta
2023-11-01,109.0,136.55071258939802,11,2023,14884.027672244383,False,1,11,0,True,False,False,136.55071258939802,0.0,0.0,109.0,0.0,0.0,1,2,0,4,305,11,0,0,14885.756,-1.7281871306167886,-3.4300337,14882.326,1.7015003693832114,-48.0075798034668,14837.748046875,46.27962536938321,4.063268661499023,14889.8193359375,-5.791663693116789,Beta
2023-11-01,117.0,108.33687650971596,11,2023,12675.414551636768,False,0,11,0,False,False,False,0.0,0.0,0.0,0.0,0.0,0.0,1,2,0,4,305,0,0,0,12654.486,20.92822351176801,18.269232,12672.756,2.65869226176801,5.602427959442139,12660.0888671875,15.32568444926801,-0.592701256275177,12653.8935546875,21.52099694926801,Alpha
2023-12-01,131.0,67.08875873900658,12,2023,8788.627394809862,False,1,12,0,True,False,False,67.08875873900658,0.0,0.0,131.0,0.0,0.0,1,4,0,4,335,12,0,0,8815.432,-26.80424581513762,-22.754726,8792.677,-4.0493630026376195,423.7041931152344,9239.1357421875,-450.5083473776376,-8.89643383026123,8806.53515625,-17.90776144013762,Beta
2023-12-01,149.0,78.57120862818607,12,2023,11707.110085599725,False,0,12,0,False,False,False,0.0,0.0,0.0,0.0,0.0,0.0,1,4,0,4,335,0,0,0,11712.985,-5.875265962775302,-6.0026503,11706.982,0.1276637247246981,11.147207260131836,11724.1328125,-17.022726900275302,1.5324645042419434,11714.517578125,-7.407492525275302,Alpha
2023-12-01,116.0,114.39995432390158,12,2023,13270.394701572584,False,3,12,0,False,False,True,0.0,114.39995432390158,0.0,0.0,116.0,0.0,1,4,0,4,335,0,12,0,13265.171,5.223803135084381,4.686892,13269.857,0.5372796975843812,-148.66534423828125,13116.505859375,153.88884219758438,-13.834691047668457,13251.3359375,19.05876407258438,Gamma
2023-12-01,116.0,71.82538878650641,12,2023,8331.745099234744,False,2,12,0,False,True,False,0.0,0.0,71.82538878650641,0.0,0.0,116.0,1,4,0,4,335,0,0,12,8337.28,-5.535174202756025,-5.1885157,8332.092,-0.3466976402560249,-4.434550762176514,8332.845703125,-1.100603890256025,-31.437746047973633,8305.8427734375,25.902325797243975,Delta
